날짜,종가,시가,고가,저가,거래량,변동 %,일간수익률,누적수익률,연환산변동성,고점대비하락률
2010-01-04,1133.0,1116.6,1133.9,1116.6,,1.61,0.016052371984575542,-0.22141286421110296,0.11346138028282615,-0.27613084589828774
2010-01-05,1136.5,1132.7,1136.6,1129.7,,0.31,0.0030891438658429138,-0.2190076965365565,0.10830280405989542,-0.27389470994122156
2010-01-06,1137.1,1135.7,1139.2,1134.0,,0.05,0.0005279366476023117,-0.21859538207806284,0.10737980705314229,-0.2735113723485817
2010-01-07,1141.7,1136.3,1142.5,1131.3,,0.4,0.004045378594670801,-0.21543430456294455,0.10680491941431744,-0.2705724508050089
2010-01-08,1145.0,1140.5,1145.4,1136.2,,0.29,0.002890426556888759,-0.21316657504122938,0.09766733598128154,-0.26846409404548943
2010-01-11,1147.0,1146.0,1149.7,1142.0,,0.17,0.0017467248908296096,-0.21179219351291723,0.09753333822460948,-0.26718630207002303
2010-01-12,1136.2,1143.8,1143.8,1131.8,,-0.94,-0.009415867480383588,-0.21921385376580338,0.10445554160121896,-0.2740863787375415
2010-01-13,1145.7,1137.3,1148.4,1133.2,,0.84,0.008361204013378032,-0.21268554150632002,0.10692673699488799,-0.2680168668540761
2010-01-14,1148.5,1145.7,1150.4,1143.8,,0.24,0.0024439207471413926,-0.21076140736668292,0.1052512341236622,-0.26622795808842326
2010-01-15,1136.0,1147.7,1147.8,1131.4,,-1.09,-0.010883761427949445,-0.21935129191863456,0.11117651026895416,-0.2742141579350882
2010-01-19,1150.2,1136.0,1150.5,1135.8,,1.25,0.012499999999999956,-0.20959318306761754,0.11784453710815448,-0.2651418349092768
2010-01-20,1138.0,1148.0,1148.0,1129.2,,-1.06,-0.010606850982437854,-0.2179769103903224,0.11616058343249284,-0.2729363659596218
2010-01-21,1116.5,1138.7,1141.6,1114.8,,-1.89,-0.018892794376098365,-0.23275151181967924,0.13536746884526873,-0.2866726296958856
2010-01-22,1091.8,1115.5,1115.5,1090.2,,-2.21,-0.022122704881325617,-0.24972512369433575,0.15167650432196228,-0.3024533605928955
2010-01-25,1096.8,1092.4,1103.0,1092.4,,0.46,0.0045795933321122195,-0.24628916987355498,0.1520847420800685,-0.29925888065422956
2010-01-26,1092.2,1095.8,1103.7,1089.9,,-0.42,-0.004194018964259527,-0.24945024738867305,0.15203702452911846,-0.30219780219780223
2010-01-27,1097.5,1091.9,1099.5,1083.1,,0.49,0.004852591100531045,-0.2458081363386455,0.151823364378878,-0.29881165346281624
2010-01-28,1084.5,1096.9,1100.2,1078.5,,-1.18,-0.011845102505694816,-0.2547416162726752,0.15590953062785326,-0.3071173013033478
2010-01-29,1073.9,1087.6,1096.5,1071.6,,-0.98,-0.0097740894421392,-0.2620258383727302,0.15830915696252104,-0.3138895987733197
2010-02-01,1089.2,1073.9,1089.4,1073.9,,1.42,0.014247136604897959,-0.25151181968114145,0.1681822380752599,-0.3041144901610018
2010-02-02,1103.3,1090.0,1104.7,1088.0,,1.29,0.012945280940139359,-0.24182242990654013,0.17235469293098554,-0.29510605673396373
2010-02-03,1097.3,1100.7,1102.7,1094.0,,-0.54,-0.005438230762258689,-0.24594557449147691,0.162207044501219,-0.29893943266036294
2010-02-04,1063.1,1097.2,1097.2,1062.8,,-3.12,-0.03116741091770714,-0.2694474986256167,0.19093053256422232,-0.32078967544083836
2010-02-05,1066.2,1064.1,1067.1,1044.5,,0.29,0.0029160003762582765,-0.2673172072567326,0.19168076896052963,-0.31880909787886536
2010-02-08,1056.7,1065.5,1071.2,1056.5,,-0.89,-0.008910148189833045,-0.27384551951621583,0.1909408521479882,-0.32487860976233063
2010-02-09,1070.5,1060.1,1079.3,1060.1,,1.31,0.013059524936121836,-0.2643622869708613,0.19840522195778132,-0.3160618451316126
2010-02-10,1068.1,1069.7,1073.7,1059.3,,-0.22,-0.0022419430172817556,-0.26601154480483613,0.19765118652729796,-0.3175951955021723
2010-02-11,1078.5,1067.1,1080.0,1060.6,,0.97,0.009736916019099429,-0.25886476085761234,0.20130257882559865,-0.310950677229747
2010-02-12,1075.5,1076.0,1077.8,1063.0,,-0.28,-0.0027816411682892728,-0.26092633315008074,0.19746005897298366,-0.31286736519294656
2010-02-16,1094.9,1079.1,1095.7,1079.1,,1.8,0.018038121803812368,-0.24759483232545165,0.20981260163641757,-0.3004727830309225
2010-02-17,1099.5,1096.1,1101.0,1094.7,,0.42,0.004201296922093256,-0.24443375481033347,0.20843954014884641,-0.29753386148734984
2010-02-18,1106.8,1099.0,1108.2,1097.5,,0.66,0.006639381537062228,-0.23941726223199378,0.20444023153977003,-0.29286992077689755
2010-02-19,1109.2,1105.5,1112.4,1100.8,,0.22,0.0021684134441635194,-0.23776800439801893,0.20224512644035098,-0.29133657040633787
2010-02-22,1108.0,1110.0,1112.3,1105.4,,-0.11,-0.0010818608005770392,-0.23859263331500635,0.19168384216583706,-0.2921032455916177
2010-02-23,1094.6,1107.5,1108.6,1092.2,,-1.21,-0.012093862815884537,-0.24780098955469854,0.1800914071809015,-0.30066445182724255
2010-02-24,1105.2,1095.9,1106.4,1095.5,,0.97,0.009683902795541766,-0.24051676745464357,0.18251304328348938,-0.2938921543572707
2010-02-25,1102.9,1101.2,1103.5,1086.0,,-0.21,-0.0020810712993123426,-0.2420973062122027,0.18198502840199046,-0.2953616151290569
2010-02-26,1104.5,1103.1,1107.2,1097.6,,0.15,0.0014507208269107785,-0.24099780098955292,0.18134670671648948,-0.2943393815486839
2010-03-01,1115.7,1105.4,1116.1,1105.4,,1.01,0.010140334993209654,-0.23330126443100418,0.1786672169532264,-0.28718374648607203
2010-03-02,1118.3,1117.0,1123.5,1116.5,,0.23,0.0023303755489825217,-0.23151456844419838,0.1739770126580948,-0.28552261691796577
2010-03-03,1118.8,1119.4,1125.6,1116.6,,0.04,0.00044710721631036066,-0.23117097306212042,0.16819709706252092,-0.28520316892409925
2010-03-04,1123.0,1119.1,1123.7,1116.7,,0.38,0.0037540221666070295,-0.22828477185266471,0.16313807157080662,-0.28251980577561975
2010-03-05,1138.7,1125.1,1139.4,1125.1,,1.4,0.013980409617097012,-0.2174958768554135,0.16745283648812395,-0.27248913876820857
2010-03-08,1138.5,1138.4,1141.0,1136.8,,-0.02,-0.00017563888644944736,-0.21763331500824468,0.11749286852086101,-0.27261691796575516
2010-03-09,1140.5,1137.6,1145.4,1134.9,,0.18,0.0017566974088714105,-0.2162589334799323,0.11760847694649758,-0.27133912599028875
2010-03-10,1145.6,1140.2,1148.3,1140.1,,0.45,0.004471722928540034,-0.21275426058273605,0.10901211139796932,-0.26808075645284957
2010-03-11,1150.2,1144.0,1150.2,1139.0,,0.4,0.004015363128491822,-0.20959318306761765,0.10378937519792825,-0.2651418349092768
2010-03-12,1150.0,1151.7,1153.4,1147.0,,-0.02,-0.00017388280299079906,-0.20973062122044894,0.10260188599145072,-0.2652696141068235
2010-03-15,1150.5,1148.5,1151.0,1141.5,,0.04,0.00043478260869567187,-0.20938702583837088,0.10056753986065257,-0.26495016611295685
2010-03-16,1159.5,1150.8,1160.3,1150.3,,0.78,0.007822685788787531,-0.2032023089609657,0.09945446951410883,-0.2592001022233581
2010-03-17,1166.2,1159.9,1169.8,1159.9,,0.58,0.005778352738249337,-0.19859813084111955,0.08506532966170165,-0.25491949910554557
2010-03-18,1165.8,1166.1,1167.8,1161.2,,-0.03,-0.0003429943405934832,-0.19887300714678213,0.08572577400199305,-0.25517505750063896
2010-03-19,1159.9,1166.7,1169.2,1155.3,,-0.51,-0.0050609023846284185,-0.20292743265530322,0.08866449028891757,-0.2589445438282647
2010-03-22,1165.8,1157.2,1167.8,1152.9,,0.51,0.005086645400465439,-0.19887300714678213,0.08920579362421786,-0.25517505750063896
2010-03-23,1174.2,1166.5,1174.7,1163.8,,0.72,0.0072053525476067914,-0.1931006047278706,0.08976202472689966,-0.24980833120368007
2010-03-24,1167.7,1172.7,1173.0,1166.0,,-0.55,-0.0055356838698688016,-0.19756734469488546,0.07819717204626123,-0.2539611551239458
2010-03-25,1165.7,1170.0,1180.7,1165.1,,-0.17,-0.00171276869058834,-0.19894172622319772,0.07603294180807636,-0.2552389470994122
2010-03-26,1166.6,1167.6,1173.9,1161.5,,0.08,0.0007720682851504179,-0.1983232545354573,0.07446865536970697,-0.2546639407104524
2010-03-29,1173.2,1167.7,1174.8,1167.7,,0.57,0.005657466140922551,-0.19378779549202663,0.07501195549807121,-0.2504472271914132
2010-03-30,1173.3,1173.8,1177.8,1168.9,,0.01,8.523695874518289e-05,-0.19371907641561115,0.07072791367724716,-0.25038333759264
2010-03-31,1169.4,1171.8,1174.6,1165.8,,-0.33,-0.0033239580669903734,-0.19639912039581997,0.07346665299162092,-0.2528750319447993
2010-04-01,1178.1,1171.2,1181.4,1170.7,,0.74,0.007439712673165566,-0.19042056074766178,0.07540410571910616,-0.2473166368515206
2010-04-05,1187.4,1178.7,1187.7,1178.7,,0.79,0.007894066717596182,-0.18402968664100972,0.07762150676141713,-0.2413749041656018
2010-04-06,1189.4,1186.0,1191.8,1182.8,,0.17,0.0016843523665150961,-0.18265530511269745,0.06583945363897356,-0.2400971121901354
2010-04-07,1182.5,1188.2,1189.6,1177.2,,-0.58,-0.005801244324869725,-0.18739692138537478,0.07095801758565377,-0.24450549450549453
2010-04-08,1186.4,1181.8,1188.5,1175.1,,0.33,0.0032980972515856966,-0.18471687740516585,0.07114222472059513,-0.24201380015333496
2010-04-09,1194.4,1187.5,1194.7,1187.2,,0.67,0.006743088334457248,-0.1792193512919168,0.07260087377107413,-0.23690263225146946
2010-04-12,1196.5,1194.9,1199.2,1194.7,,0.18,0.001758204956463505,-0.17777625068718894,0.07223085809348814,-0.23556095067722982
2010-04-13,1197.3,1195.9,1199.0,1188.8,,0.07,0.0006686167989971015,-0.177226498075864,0.07198595258134707,-0.23504983388704326
2010-04-14,1210.7,1198.7,1210.7,1198.7,,1.12,0.01119184832539899,-0.1680181418361717,0.07851723966670478,-0.2264886276514183
2010-04-15,1211.7,1210.8,1213.9,1208.5,,0.08,0.0008259684480051988,-0.16733095107201568,0.07618344993337782,-0.22584973166368516
2010-04-16,1192.1,1210.2,1210.2,1186.8,,-1.62,-0.016175621028307496,-0.18079989004947594,0.09776605670720188,-0.2383720930232559
2010-04-19,1197.5,1192.1,1197.9,1183.7,,0.45,0.0045298213237146,-0.1770890599230327,0.09833759596962743,-0.23492205468949656
2010-04-20,1207.2,1199.0,1208.6,1199.0,,0.81,0.008100208768267336,-0.17042330951071816,0.09818504860545653,-0.22872476360848448
2010-04-21,1205.9,1207.2,1211.0,1198.8,,-0.11,-0.0010768721007289317,-0.17131665750412106,0.09800435923372121,-0.22955532839253767
2010-04-22,1208.7,1202.5,1210.3,1190.2,,0.23,0.0023219172402355603,-0.16939252336448385,0.09594217298909007,-0.2277664196268847
2010-04-23,1217.3,1207.9,1217.3,1205.1,,0.71,0.007115082319847588,-0.16348268279274125,0.09442009373346993,-0.22227191413237934
2010-04-26,1212.0,1217.1,1219.8,1211.1,,-0.44,-0.004353897970919229,-0.16712479384276868,0.0961558873961672,-0.22565806286736523
2010-04-27,1183.7,1209.9,1211.4,1181.6,,-2.33,-0.023349834983498297,-0.18657229246838714,0.1299930283238082,-0.24373881932021468
2010-04-28,1191.4,1184.6,1195.0,1181.8,,0.65,0.006505026611472564,-0.18128092358438486,0.1304306349346667,-0.238819320214669
2010-04-29,1206.8,1193.3,1209.4,1193.3,,1.29,0.012925969447708408,-0.17069818581638052,0.13700574066542243,-0.22898032200357787
2010-04-30,1186.7,1206.8,1208.0,1186.3,,-1.67,-0.016655618163738728,-0.18451072017591874,0.14994249378034774,-0.24182213135701502
2010-05-03,1202.3,1188.6,1205.1,1188.6,,1.31,0.013145698154546137,-0.1737905442550831,0.15439065120391784,-0.2318553539483773
2010-05-04,1173.6,1197.5,1197.5,1168.1,,-2.39,-0.02387091408134412,-0.19351291918636415,0.1744629932406526,-0.25019166879632004
2010-05-05,1165.9,1169.2,1176.0,1158.2,,-0.66,-0.006561008861622253,-0.19880428807036632,0.17549812563093492,-0.2551111679018655
2010-05-06,1128.2,1164.4,1167.6,1065.8,,-3.23,-0.03233553477999829,-0.22471137987905243,0.20623185256711726,-0.2791975466394071
2010-05-07,1110.9,1127.0,1135.1,1094.2,,-1.53,-0.015334160609820957,-0.23659978009895355,0.21008859594766013,-0.2902504472271914
2010-05-10,1159.7,1122.3,1163.8,1122.3,,4.39,0.04392834638581333,-0.2030648708081343,0.26438501801062886,-0.2590723230258114
2010-05-11,1155.8,1156.4,1170.5,1147.7,,-0.34,-0.003362938691040873,-0.20574491478834322,0.2642407771230662,-0.26156401737797097
2010-05-12,1171.7,1155.4,1172.9,1155.4,,1.38,0.013756705312337747,-0.1948185816382607,0.2694420357977782,-0.251405571173013
2010-05-13,1157.4,1170.0,1173.6,1156.1,,-1.22,-0.01220448920372108,-0.20464540956569344,0.26840873137264865,-0.26054178379759774
2010-05-14,1135.7,1157.2,1157.2,1126.1,,-1.87,-0.01874891999308803,-0.21955744914788156,0.27430709974809364,-0.2744058267314081
2010-05-17,1136.9,1136.5,1141.9,1115.0,,0.11,0.0010566170643655504,-0.21873282023089424,0.270294985867751,-0.2736391515461283
2010-05-18,1120.8,1138.8,1148.7,1117.2,,-1.42,-0.01416131585891467,-0.22979659153380805,0.27225108730882736,-0.28392537694863285
2010-05-19,1115.0,1119.6,1124.3,1100.7,,-0.52,-0.005174875089221986,-0.23378229796591365,0.26929438296592223,-0.28763097367748536
2010-05-20,1071.6,1107.3,1107.3,1071.6,,-3.89,-0.03892376681614362,-0.2636063771302899,0.29540443152198115,-0.3153590595451061
2010-05-21,1087.7,1067.3,1090.2,1055.9,,1.5,0.015024262784621323,-0.2525426058273761,0.3027956320673129,-0.30507283414260156
2010-05-24,1073.7,1084.8,1090.0,1072.7,,-1.29,-0.012871196101866378,-0.26216327652556193,0.3007637486159074,-0.3140173779708664
2010-05-25,1074.0,1067.4,1074.8,1040.8,,0.03,0.0002794076557697256,-0.26195711929631516,0.30146971109142445,-0.31382570917454644
2010-05-26,1068.0,1075.5,1090.8,1065.6,,-0.56,-0.005586592178770999,-0.26608026388125194,0.2944668539861074,-0.31765908510094554
2010-05-27,1103.1,1074.3,1103.5,1074.3,,3.29,0.03286516853932575,-0.24195986805937186,0.3201672742207387,-0.2952338359315104
2010-05-28,1089.4,1102.6,1102.6,1084.8,,-1.24,-0.012419544918864878,-0.2513743815283107,0.3158250392277511,-0.3039867109634551
2010-06-01,1070.7,1087.3,1094.8,1069.9,,-1.72,-0.017165412153479,-0.2642248488180303,0.31607356616329346,-0.3159340659340659
2010-06-02,1098.4,1073.0,1098.6,1072.0,,2.59,0.025870925562716085,-0.24518966465090541,0.3279753280669365,-0.29823664707385633
2010-06-03,1102.8,1098.8,1105.7,1091.8,,0.4,0.004005826656955369,-0.24216602528861864,0.3209343299509449,-0.29542550472783036
2010-06-04,1064.9,1098.4,1098.4,1060.5,,-3.44,-0.03436706565106984,-0.26821055525013593,0.33902353989576683,-0.31963966266291843
2010-06-07,1050.5,1065.8,1071.4,1049.9,,-1.35,-0.013522396469152098,-0.27810610225398424,0.32525794415366527,-0.32883976488627653
2010-06-08,1062.0,1050.8,1063.2,1042.2,,1.09,0.01094716801523088,-0.27020340846618873,0.32563836108168337,-0.32149246102734474
2010-06-09,1055.7,1062.8,1077.7,1052.2,,-0.59,-0.0059322033898304705,-0.2745327102803723,0.2797110428531864,-0.3255175057500639
2010-06-10,1086.8,1058.8,1087.8,1058.8,,2.95,0.029459126645827283,-0.25316107751511674,0.3032391163852944,-0.30564784053156147
2010-06-11,1091.6,1082.7,1092.2,1077.1,,0.44,0.004416635995583285,-0.24986256184716737,0.29852122890931315,-0.3025811397904422
2010-06-14,1089.6,1095.0,1105.9,1089.0,,-0.18,-0.0018321729571271206,-0.25123694337547964,0.2967351331150458,-0.3038589317659086
2010-06-15,1115.2,1091.2,1115.6,1091.2,,2.35,0.023494860499265968,-0.23364485981308258,0.3039498069149321,-0.28750319447993866
2010-06-16,1114.6,1114.0,1118.7,1107.1,,-0.05,-0.0005380200860833906,-0.23405717427157635,0.30388439071188367,-0.28788653207257864
2010-06-17,1116.0,1116.0,1117.7,1105.9,,0.13,0.0012560559842096364,-0.23309510720175775,0.2999909744918177,-0.2869920776897521
2010-06-18,1117.5,1116.2,1121.0,1113.9,,0.13,0.0013440860215054862,-0.23206432105552344,0.29943282012082495,-0.2860337337081523
2010-06-21,1113.2,1122.8,1131.2,1108.2,,-0.38,-0.003847874720357858,-0.23501924134139474,0.26414822320254966,-0.28878098645540506
2010-06-22,1095.3,1113.9,1118.5,1094.2,,-1.61,-0.01607977003233929,-0.2473199560197895,0.2667083622168907,-0.30021722463582934
2010-06-23,1092.0,1095.6,1099.6,1085.3,,-0.3,-0.003012873185428644,-0.2495876855415048,0.2626525062429289,-0.3023255813953488
2010-06-24,1073.7,1090.9,1090.9,1071.6,,-1.68,-0.0167582417582417,-0.26216327652556193,0.26972430672081543,-0.3140173779708664
2010-06-25,1076.8,1075.1,1083.6,1067.9,,0.29,0.002887212442954201,-0.26003298515667794,0.26906038553617107,-0.3120368004088935
2010-06-28,1074.6,1077.5,1082.6,1071.5,,-0.2,-0.002043090638930156,-0.2615448048378214,0.24201077424097187,-0.3134423715819066
2010-06-29,1041.2,1071.1,1071.1,1035.2,,-3.11,-0.031081332588870136,-0.2844969763606361,0.2608738882453512,-0.3347814975721952
2010-06-30,1030.7,1040.6,1048.1,1028.3,,-1.01,-0.010084517864003106,-0.29171247938427547,0.2568170489993394,-0.34148990544339386
2010-07-01,1027.4,1031.1,1033.6,1010.9,,-0.32,-0.0032017075773745907,-0.29398020890599075,0.23644907618889935,-0.34359826220291334
2010-07-02,1022.6,1027.7,1033.0,1015.9,,-0.47,-0.004671987541366662,-0.2972787245739402,0.23508351609220182,-0.3466649629440327
2010-07-06,1028.1,1028.1,1042.5,1018.4,,0.54,0.0053784470956383945,-0.2934991753710816,0.20805972764412034,-0.34315103501150024
2010-07-07,1060.3,1028.5,1060.9,1028.5,,3.13,0.031319910514541416,-0.2713716327652542,0.23224270572253325,-0.3225785842064912
2010-07-08,1070.2,1062.9,1071.2,1058.2,,0.93,0.009336980099971859,-0.2645684442001084,0.2313993343523019,-0.31625351392793255
2010-07-09,1078.0,1070.5,1078.2,1068.1,,0.73,0.007288357316389327,-0.25920835623969063,0.2313245857747461,-0.31127012522361364
2010-07-12,1078.8,1077.2,1080.8,1070.5,,0.07,0.0007421150278292821,-0.2586586036283658,0.2070798000898983,-0.3107590084334271
2010-07-13,1095.3,1080.7,1099.5,1080.7,,1.53,0.015294771968854315,-0.24731995601978962,0.21351115579505506,-0.30021722463582934
2010-07-14,1095.2,1095.6,1099.1,1087.7,,-0.01,-9.129918743711052e-05,-0.2473886750962051,0.21338265908653062,-0.3002811142346026
2010-07-15,1096.5,1094.5,1098.7,1080.5,,0.12,0.0011869978086194166,-0.2464953271028021,0.19616724725092147,-0.2994505494505495
2010-07-16,1064.9,1093.8,1093.8,1063.3,,-2.88,-0.028818969448244358,-0.2682105552501358,0.2189542421436159,-0.31963966266291843
2010-07-19,1071.2,1066.8,1074.7,1061.1,,0.59,0.005916048455254064,-0.26388125343595215,0.22043859798109794,-0.3156146179401993
2010-07-20,1083.5,1064.5,1083.9,1056.9,,1.15,0.011482449589245602,-0.2554288070368318,0.22504320558956867,-0.30775619729108106
2010-07-21,1069.6,1086.7,1089.0,1065.2,,-1.28,-0.012828795569912455,-0.26498075865860216,0.22841227172205275,-0.3166368515205725
2010-07-22,1093.7,1072.1,1097.5,1072.1,,2.25,0.02253178758414376,-0.2484194612424393,0.23700176840759724,-0.30123945821620235
2010-07-23,1102.7,1092.2,1103.7,1087.9,,0.82,0.008228947609033588,-0.24223474436503412,0.23837456687809352,-0.2954893943266036
2010-07-26,1115.0,1102.9,1115.0,1101.3,,1.12,0.011154439104017477,-0.23378229796591365,0.23233960703976908,-0.28763097367748536
2010-07-27,1113.8,1117.4,1121.0,1109.8,,-0.11,-0.0010762331838565231,-0.23460692688290108,0.23253327823091471,-0.2883976488627652
2010-07-28,1106.1,1112.8,1114.7,1103.1,,-0.69,-0.006913269886873796,-0.23989829576690336,0.23413088666251833,-0.2933171479683109
2010-07-29,1101.5,1108.1,1115.9,1092.8,,-0.42,-0.0041587559895126525,-0.24305937328202154,0.20352775707694234,-0.29625606951188344
2010-07-30,1101.6,1098.4,1106.4,1088.0,,0.01,9.078529278250258e-05,-0.24299065420560595,0.19842315431720645,-0.2961921799131102
2010-08-02,1125.9,1107.5,1127.3,1107.5,,2.21,0.02205882352941191,-0.2262919186366118,0.20718044190317148,-0.28066700741119344
2010-08-03,1120.5,1125.3,1125.4,1116.8,,-0.48,-0.004796163069544446,-0.23000274876305493,0.2072497660046406,-0.2841170457449528
2010-08-04,1127.2,1121.1,1128.8,1119.5,,0.6,0.005979473449353012,-0.22539857064320878,0.20729435804172944,-0.27983644262714025
2010-08-05,1125.8,1125.8,1126.6,1118.8,,-0.12,-0.0012420156139106853,-0.2263606377130275,0.18347916564253233,-0.2807308970099668
2010-08-06,1121.6,1122.1,1123.1,1107.2,,-0.37,-0.003730680405045317,-0.2292468389224832,0.18330672137315435,-0.2834142601584463
2010-08-09,1127.8,1122.8,1129.2,1120.9,,0.55,0.005527817403709001,-0.22498625618471524,0.18280381317385694,-0.2794531050345004
2010-08-10,1121.1,1122.9,1127.2,1111.6,,-0.59,-0.005940769640007115,-0.22959043430456139,0.18493620187361137,-0.2837337081523129
2010-08-11,1089.5,1116.9,1116.9,1088.5,,-2.82,-0.028186602444028153,-0.2513056624518951,0.20544967305940387,-0.30392282136468185
2010-08-12,1083.6,1081.5,1086.7,1076.7,,-0.54,-0.005415328132170827,-0.2553600879604164,0.2062493514124279,-0.3076923076923078
2010-08-13,1079.2,1082.2,1086.2,1079.0,,-0.41,-0.004060538944259728,-0.2583837273227033,0.20653307217741051,-0.3105034500383338
2010-08-16,1079.4,1077.5,1082.6,1069.5,,0.02,0.00018532246108238226,-0.258246289169872,0.17939070584828432,-0.3103756708407871
2010-08-17,1092.5,1081.2,1100.1,1081.2,,1.21,0.012136372058551004,-0.24924409015942672,0.18292666434305374,-0.3020061334014823
2010-08-18,1094.2,1092.1,1099.8,1085.8,,0.16,0.001556064073226615,-0.24807586586036123,0.17894902349734423,-0.30092001022233583
2010-08-19,1075.6,1092.4,1092.4,1070.7,,-1.7,-0.01699872052641216,-0.26085761407366537,0.18339857140953478,-0.3128034755941733
2010-08-20,1071.7,1075.6,1075.6,1063.9,,-0.36,-0.0036258832279656428,-0.2635376580538742,0.16495732450038647,-0.3152951699463328
2010-08-23,1067.4,1073.4,1081.6,1067.1,,-0.4,-0.00401231687972381,-0.2664925783397456,0.16182769483361537,-0.3180424226935854
2010-08-24,1051.9,1063.2,1063.2,1046.7,,-1.45,-0.014521266629192398,-0.27714403518416564,0.16097301600026484,-0.32794531050345
2010-08-25,1055.3,1049.0,1059.4,1039.8,,0.32,0.003232246411255746,-0.2748075865860349,0.16221486108086638,-0.32577306414515717
2010-08-26,1047.2,1056.3,1061.5,1045.4,,-0.77,-0.007675542499762988,-0.2803738317756994,0.16249646998152806,-0.330948121645796
2010-08-27,1064.6,1049.3,1065.2,1039.7,,1.66,0.01661573720397236,-0.2684167124793828,0.17533691769103413,-0.3198313314592385
2010-08-30,1048.9,1062.9,1064.4,1048.8,,-1.47,-0.014747322938192586,-0.2792056074766339,0.18101569247875862,-0.32986199846664954
2010-08-31,1049.3,1046.9,1055.1,1040.9,,0.04,0.0003813518924586923,-0.27893073117097156,0.158479332012272,-0.3296064400715564
2010-09-01,1080.3,1049.7,1081.3,1049.7,,2.95,0.02954350519393878,-0.2576278174821315,0.19486695664109888,-0.3098006644518273
2010-09-02,1090.1,1080.7,1090.1,1080.4,,0.91,0.009071554197907838,-0.25089334799340146,0.19668159437486923,-0.303539483772042
2010-09-03,1104.5,1093.6,1105.1,1093.6,,1.32,0.01320979726630589,-0.24099780098955315,0.20320167590932278,-0.2943393815486839
2010-09-07,1091.8,1102.6,1102.6,1091.2,,-1.15,-0.011498415572657406,-0.24972512369433608,0.20635536810716446,-0.3024533605928955
2010-09-08,1098.9,1092.4,1103.3,1092.4,,0.65,0.006503022531599401,-0.24484606926882735,0.2067832545031928,-0.2979171990799897
2010-09-09,1104.2,1101.2,1110.3,1101.2,,0.48,0.004823004823004684,-0.24120395821879992,0.207005797905871,-0.2945310503450038
2010-09-10,1109.5,1104.6,1110.9,1103.9,,0.48,0.0047998550987140565,-0.23756184716877238,0.1816922212553355,-0.29114490161001794
2010-09-13,1121.9,1113.4,1123.9,1113.4,,1.12,0.011176205497972047,-0.22904068169323633,0.18347461626552922,-0.28322259136212624
2010-09-14,1121.1,1121.2,1127.4,1115.6,,-0.07,-0.0007130760317320961,-0.22959043430456139,0.1825099495981779,-0.2837337081523129
2010-09-15,1125.1,1119.4,1126.5,1114.6,,0.36,0.003567924360003527,-0.22684167124793686,0.1824907805290649,-0.2811781242013801
2010-09-16,1124.7,1123.9,1125.4,1118.9,,-0.04,-0.0003555239534261956,-0.22711654755359922,0.17887683152575423,-0.2814336825964733
2010-09-17,1125.6,1126.4,1131.5,1122.4,,0.08,0.00080021339023717,-0.2264980758658589,0.17889004858904048,-0.2808586762075135
2010-09-20,1142.7,1126.6,1144.9,1126.6,,1.52,0.015191897654584396,-0.21474711379878897,0.1717689150649357,-0.26993355481727577
2010-09-21,1139.8,1142.8,1148.6,1136.2,,-0.25,-0.0025378489542312588,-0.21673996701484177,0.17128544703029533,-0.2717863531817021
2010-09-22,1134.3,1139.5,1144.4,1131.6,,-0.48,-0.004825407966309925,-0.2205195162177005,0.17172704485072743,-0.27530028111423466
2010-09-23,1124.8,1131.1,1136.8,1122.8,,-0.84,-0.008375209380234505,-0.22704782847718374,0.1650358364042553,-0.28136979299770004
2010-09-24,1148.7,1131.7,1148.9,1131.7,,2.12,0.02124822190611675,-0.21062396921385218,0.1764228235643236,-0.26610017889087656
2010-09-27,1142.2,1148.6,1149.9,1142.0,,-0.57,-0.005658570558022102,-0.21509070918086703,0.1748572433272605,-0.2702530028111423
2010-09-28,1147.7,1142.3,1150.0,1132.1,,0.48,0.0048152687795481874,-0.2113111599780083,0.16898010003537642,-0.2667390748786097
2010-09-29,1144.7,1146.8,1148.6,1140.3,,-0.26,-0.0026139234991722216,-0.2133727322704767,0.1571593235819975,-0.26865576284180936
2010-09-30,1141.2,1146.0,1157.2,1136.1,,-0.31,-0.0030575696689089105,-0.21577789994502317,0.15866113127367562,-0.27089189879887554
2010-10-01,1146.2,1143.5,1150.3,1139.4,,0.44,0.004381352961794649,-0.2123419461242425,0.12887141291225285,-0.2676974188602096
2010-10-04,1137.0,1145.0,1148.2,1131.9,,-0.8,-0.008026522421915927,-0.21866410115447898,0.13205070933620477,-0.27357526194735504
2010-10-05,1160.8,1140.7,1162.8,1140.7,,2.09,0.020932277924362364,-0.202308960967563,0.1425714186949406,-0.2583695374393049
2010-10-06,1160.0,1159.8,1162.3,1154.8,,-0.07,-0.000689179875947632,-0.20285871357888796,0.1339423707233457,-0.25888065422949147
2010-10-07,1158.1,1161.6,1163.9,1151.4,,-0.16,-0.0016379310344828424,-0.20416437603078463,0.13416946233628724,-0.26009455660618463
2010-10-08,1165.2,1158.4,1167.7,1155.6,,0.61,0.00613073137034803,-0.199285321605276,0.13452639342634912,-0.2555583950932788
2010-10-11,1165.3,1165.3,1168.7,1162.0,,0.01,8.58221764503675e-05,-0.19921660252886042,0.13454524224808218,-0.2554945054945056
2010-10-12,1169.8,1164.3,1172.6,1155.7,,0.39,0.003861666523641949,-0.19612424409015783,0.13085046029908556,-0.25261947354970615
2010-10-13,1178.1,1171.3,1184.4,1171.3,,0.71,0.007095229953838267,-0.1904205607476619,0.13158538275456574,-0.2473166368515206
2010-10-14,1173.8,1177.8,1178.9,1166.7,,-0.36,-0.003649944826415341,-0.1933754810335332,0.1331422902505854,-0.25006388959877335
2010-10-15,1176.2,1177.5,1181.2,1167.1,,0.2,0.0020446413358323756,-0.19172622319955845,0.13285448997834404,-0.24853053922821366
2010-10-18,1184.7,1176.8,1185.5,1174.5,,0.72,0.007226662132290507,-0.18588510170423123,0.13388239896096232,-0.24309992333248143
2010-10-19,1165.9,1178.6,1178.6,1159.7,,-1.59,-0.015868996370389077,-0.19880428807036643,0.13980933082725458,-0.2551111679018655
2010-10-20,1178.2,1166.7,1182.9,1166.7,,1.05,0.010549789861909131,-0.19035184167124608,0.1429585406068482,-0.24725274725274726
2010-10-21,1180.3,1179.8,1189.4,1171.2,,0.18,0.0017823799015446173,-0.18890874106651834,0.14102568045223549,-0.24591106567850762
2010-10-22,1183.1,1180.5,1183.9,1179.0,,0.24,0.0023722782343471582,-0.18698460692688124,0.1359511671383977,-0.24412215691285466
2010-10-25,1185.6,1184.7,1196.1,1184.7,,0.21,0.0021130927225085916,-0.18526663001649102,0.11751193985256816,-0.24252491694352163
2010-10-26,1185.6,1184.9,1187.1,1177.7,,0.0,0.0,-0.18526663001649102,0.11475116643457138,-0.24252491694352163
2010-10-27,1182.5,1183.8,1183.8,1171.7,,-0.26,-0.0026147098515518774,-0.187396921385375,0.11517873120469975,-0.24450549450549453
2010-10-28,1183.8,1184.5,1189.5,1177.1,,0.11,0.0010993657505284915,-0.1865035733919721,0.1142430195881194,-0.24367492972144145
2010-10-29,1183.3,1183.9,1185.5,1179.7,,-0.04,-0.00042236864335187807,-0.18684716877405017,0.11324233322021243,-0.24399437771530796
2010-11-01,1184.4,1185.7,1195.8,1177.7,,0.09,0.000929603650807076,-0.18609125893347844,0.11286265929339218,-0.24329159212880136
2010-11-02,1193.6,1187.9,1195.9,1187.9,,0.78,0.007767646065518274,-0.1797691039032422,0.10911182393531585,-0.23741374904165613
2010-11-03,1198.0,1193.8,1198.3,1183.6,,0.37,0.003686327077748075,-0.1767454645409552,0.08598625949760394,-0.23460260669562993
2010-11-04,1221.1,1198.3,1221.2,1198.3,,1.93,0.01928213689482461,-0.16087135788894869,0.10521138902606109,-0.21984410937899324
2010-11-05,1225.8,1221.2,1227.1,1220.3,,0.38,0.0038489886168209253,-0.1576415612974148,0.10422546472424456,-0.2168412982366471
2010-11-08,1223.2,1223.2,1224.6,1217.5,,-0.21,-0.0021210637950724864,-0.1594282572842206,0.10475109285523358,-0.21850242780475337
2010-11-09,1213.4,1223.6,1226.8,1208.9,,-0.8,-0.008011772400261519,-0.16616272677295063,0.11053929497332395,-0.2247636084845387
2010-11-10,1218.7,1213.1,1218.8,1204.3,,0.44,0.004367891874072827,-0.1625206157229232,0.11066338632286696,-0.2213774597495528
2010-11-11,1213.5,1213.0,1215.5,1204.5,,-0.43,-0.004266841716583314,-0.16609400769653515,0.11103841256995428,-0.22469971888576545
2010-11-12,1199.2,1209.1,1210.5,1194.1,,-1.18,-0.01178409559126492,-0.17592083562396776,0.11901942206172778,-0.2338359315103501
2010-11-15,1197.8,1200.4,1207.4,1197.2,,-0.12,-0.0011674449633088946,-0.17688290269378637,0.11920006651580711,-0.23473038589317663
2010-11-16,1178.3,1194.8,1194.8,1173.0,,-1.63,-0.01627984638503921,-0.19028312259483093,0.1307208525213412,-0.24718885765397403
2010-11-17,1178.6,1178.3,1183.6,1175.8,,0.03,0.00025460409063904343,-0.19007696536558405,0.11769216432654578,-0.2469971888576541
2010-11-18,1196.7,1183.8,1200.3,1183.8,,1.54,0.015357203461734414,-0.17763881253435798,0.12385947416892924,-0.23543317147968312
2010-11-19,1199.7,1196.1,1200.0,1189.4,,0.25,0.0025068939583856586,-0.17557724024188948,0.12395939597160008,-0.23351648351648346
2010-11-22,1197.8,1198.1,1198.9,1184.6,,-0.16,-0.0015837292656498692,-0.17688290269378626,0.1240868600481703,-0.23473038589317663
2010-11-23,1180.7,1192.5,1192.5,1176.9,,-1.43,-0.01427617298380357,-0.18863386476085608,0.13417541021506538,-0.24565550728341423
2010-11-24,1198.3,1183.7,1198.6,1183.7,,1.49,0.014906411450834156,-0.1765393073117083,0.14398181111714684,-0.23441093789931
2010-11-26,1189.4,1194.2,1194.2,1186.9,,-0.74,-0.007427188517065697,-0.18265530511269779,0.1462602815657915,-0.2400971121901354
2010-11-29,1187.8,1189.1,1190.3,1173.6,,-0.13,-0.0013452160753322229,-0.18375481033534768,0.1463407438119779,-0.24111934577050864
2010-11-30,1180.5,1183.0,1187.4,1174.1,,-0.61,-0.006145815793904608,-0.18877130291368738,0.1479818337082187,-0.24578328648096093
2010-12-01,1206.1,1186.6,1207.6,1186.6,,2.17,0.02168572638712396,-0.17117921935129055,0.1661085601433707,-0.2294275491949911
2010-12-02,1221.5,1206.8,1221.9,1206.8,,1.28,0.012768427161927054,-0.160596481583286,0.1695744022236134,-0.21958855098389984
2010-12-03,1224.7,1219.9,1225.6,1216.8,,0.26,0.0026197298403602964,-0.1583974711379863,0.16941396738324271,-0.2175440838231536
2010-12-06,1223.1,1223.9,1225.8,1220.7,,-0.13,-0.0013064423940557512,-0.1594969763606362,0.15606564012219518,-0.21856631740352683
2010-12-07,1223.8,1227.2,1235.0,1223.2,,0.06,0.0005723162456054975,-0.15901594282572684,0.15549189032280977,-0.2181190902121135
2010-12-08,1228.3,1225.0,1228.9,1219.5,,0.37,0.0036770714168981034,-0.15592358438702436,0.15580738049503573,-0.2152440582673142
2010-12-09,1233.0,1230.1,1234.7,1226.8,,0.38,0.003826426768704705,-0.1526937877954906,0.1532801494678802,-0.21224124712496806
2010-12-10,1240.4,1233.8,1240.4,1232.6,,0.6,0.0060016220600163095,-0.1476085761407352,0.15386165775107688,-0.2075134168157423
2010-12-13,1240.5,1242.5,1246.7,1240.3,,0.01,8.061915511126116e-05,-0.1475398570643196,0.15276044777740044,-0.20744952721696908
2010-12-14,1241.6,1241.8,1246.6,1238.2,,0.09,0.0008867392180571532,-0.14678394722374788,0.14543319605474775,-0.2067467416304627
2010-12-15,1235.2,1241.6,1244.2,1234.0,,-0.52,-0.005154639175257603,-0.15118196811434703,0.14706895960204316,-0.21083567595195507
2010-12-16,1242.9,1236.3,1243.8,1232.8,,0.62,0.006233808290155407,-0.14589059923034486,0.13274409099087092,-0.2059161768464094
2010-12-17,1243.9,1243.6,1245.8,1239.9,,0.08,0.0008045699573577814,-0.14520340846618873,0.1326364305639691,-0.20527728085867614
2010-12-20,1247.1,1245.8,1250.2,1241.5,,0.26,0.0025725540638312783,-0.14300439802088927,0.12427838437040843,-0.20323281369793
2010-12-21,1254.6,1249.4,1255.8,1249.4,,0.6,0.006013952369497311,-0.13785046728971817,0.12505164437782146,-0.19844109378993113
2010-12-22,1258.8,1254.9,1259.4,1254.9,,0.33,0.0033476805356289496,-0.13496426608026235,0.12435513659824737,-0.19575773064145163
2010-12-23,1256.8,1257.5,1258.6,1254.0,,-0.16,-0.001588814744200806,-0.13633864760857461,0.10984069907639914,-0.19703552261691804
2010-12-27,1257.5,1254.7,1258.4,1251.5,,0.06,0.000556970082749908,-0.13585761407366526,0.10114809200780897,-0.1965882954255047
2010-12-28,1258.5,1259.1,1259.9,1256.2,,0.08,0.0007952286282306709,-0.13517042330950912,0.09498927635376636,-0.19594939943777157
2010-12-29,1259.8,1258.8,1262.6,1258.8,,0.1,0.0010329757647993265,-0.13427707531610622,0.09406286558608994,-0.19511883465371838
2010-12-30,1257.9,1259.4,1261.1,1256.3,,-0.15,-0.001508175900936548,-0.13558273776800278,0.08976500219704822,-0.19633273703041143
2010-12-31,1257.6,1256.8,1259.3,1254.2,,-0.02,-0.0002384927259719838,-0.13578889499724978,0.059382573688143155,-0.19652440582673147
2011-01-03,1271.9,1257.6,1276.2,1257.6,,1.14,0.011370865139949338,-0.12596206706981694,0.05630692526747485,-0.1873881932021466
2011-01-04,1270.2,1273.0,1274.1,1262.7,,-0.13,-0.0013365830647064092,-0.12713029136888243,0.057357208448746304,-0.18847431638129308
2011-01-05,1276.6,1268.8,1277.6,1265.4,,0.5,0.005038576602109712,-0.12273227047828339,0.05731568647946098,-0.1843853820598007
2011-01-06,1273.8,1276.3,1278.2,1270.4,,-0.22,-0.0021933260222465334,-0.12465640461792049,0.05898851062606716,-0.18617429082545367
2011-01-07,1271.5,1274.4,1276.8,1261.7,,-0.18,-0.0018056209766054154,-0.12623694337547953,0.059974488409143815,-0.18764375159724
2011-01-10,1269.8,1270.8,1271.5,1262.2,,-0.13,-0.001337003539127024,-0.1274051676745449,0.06028446576112556,-0.18872987477638647
2011-01-11,1274.5,1272.6,1277.2,1269.6,,0.37,0.003701370294534545,-0.12417537108301113,0.05857858336437823,-0.18572706363404046
2011-01-12,1286.0,1275.7,1286.9,1275.7,,0.9,0.009023146331894827,-0.11627267729521562,0.06416052853191802,-0.17837975977510867
2011-01-13,1283.8,1285.8,1286.7,1280.5,,-0.17,-0.0017107309486781297,-0.11778449697635918,0.06521024695254647,-0.17978533094812166
2011-01-14,1293.2,1282.9,1293.2,1281.2,,0.73,0.007322012774575448,-0.11132490379329152,0.06321682667935324,-0.17377970866342962
2011-01-18,1295.0,1293.2,1296.1,1290.2,,0.14,0.001391896071760046,-0.11008796041781044,0.06152151116357396,-0.17262969588550992
2011-01-19,1281.9,1294.5,1294.6,1278.9,,-1.01,-0.01011583011583006,-0.11909015942825574,0.07439855428463878,-0.1809992333248147
2011-01-20,1280.3,1280.8,1283.3,1271.3,,-0.12,-0.0012481472813793415,-0.12018966465090564,0.07484449593826302,-0.18202146690518783
2011-01-21,1283.3,1283.6,1291.2,1282.1,,0.23,0.0023432008123096537,-0.11812809235843724,0.07296482604968042,-0.18010477894198829
2011-01-24,1290.8,1283.3,1291.9,1282.5,,0.58,0.005844307644354396,-0.11297416162726626,0.07443689804664091,-0.1753130590339893
2011-01-25,1291.2,1288.2,1291.3,1281.1,,0.03,0.00030988534242326615,-0.11269928532160378,0.07382656307149742,-0.17505750063889602
2011-01-26,1296.6,1292.0,1299.7,1292.0,,0.42,0.004182156133828885,-0.10898845519516076,0.07443427950868274,-0.1716074623051368
2011-01-27,1299.5,1297.5,1301.3,1294.4,,0.22,0.0022366188492981554,-0.10699560197910796,0.07443720729111354,-0.16975466394071048
2011-01-28,1276.3,1299.6,1302.7,1275.1,,-1.79,-0.01785302039245862,-0.12293842770753016,0.10030721992953931,-0.18457705085612064
2011-01-31,1286.1,1276.5,1287.2,1276.5,,0.77,0.007678445506542397,-0.11620395821880003,0.10284556409399913,-0.17831587017633532
2011-02-01,1307.6,1289.1,1308.9,1289.1,,1.67,0.016717207060104267,-0.1014293567894432,0.11604025456044144,-0.16457960644007164
2011-02-02,1304.0,1305.9,1307.6,1302.6,,-0.28,-0.0027531355154480908,-0.10390324354040525,0.11172511426857579,-0.16687963199591105
2011-02-03,1307.1,1302.8,1308.6,1294.8,,0.24,0.0023773006134968355,-0.10177295217152138,0.11139824349725642,-0.16489905443393826
2011-02-04,1310.9,1307.0,1311.0,1301.7,,0.29,0.0029071991431415256,-0.09916162726772793,0.11076104989099277,-0.16247124968055193
2011-02-07,1319.0,1311.8,1322.8,1311.8,,0.62,0.006178961019147167,-0.09359538207806328,0.11124279164751494,-0.15729619217991309
2011-02-08,1324.6,1318.8,1324.9,1316.0,,0.42,0.004245640636846071,-0.08974711379878897,0.11082437887079986,-0.15371837464860727
2011-02-09,1320.9,1322.5,1324.5,1314.9,,-0.28,-0.0027932960893853886,-0.09228971962616661,0.11148533370847108,-0.15608228980322003
2011-02-10,1321.9,1318.1,1322.8,1311.7,,0.08,0.0007570595805890257,-0.09160252886201048,0.11135372736184256,-0.15544339381548677
2011-02-11,1329.2,1318.7,1330.8,1316.1,,0.55,0.005522354187154743,-0.08658603628367079,0.10911601354678645,-0.1507794531050345
2011-02-14,1332.3,1328.7,1333.0,1326.9,,0.23,0.0023322299127293,-0.08445574491478691,0.10846859250941852,-0.1487988755430616
2011-02-15,1328.0,1330.4,1330.4,1324.6,,-0.32,-0.0032275013135179,-0.08741066520065821,0.10784331837958559,-0.15154612829031433
2011-02-16,1336.3,1329.5,1337.6,1329.5,,0.63,0.006249999999999867,-0.0817069818581625,0.10920713871118032,-0.1462432915921289
2011-02-17,1340.4,1334.4,1341.5,1331.0,,0.31,0.0030681733143755885,-0.07888949972512227,0.10073038905668083,-0.14362381804242264
2011-02-18,1343.0,1340.4,1344.1,1338.1,,0.19,0.0019397194867203371,-0.07710280373831635,0.09997928829945407,-0.14196268847431637
2011-02-22,1315.4,1338.9,1338.9,1312.3,,-2.06,-0.020551005212211426,-0.09606926882902556,0.12751340126606903,-0.1595962177357526
2011-02-23,1307.4,1315.4,1317.9,1299.5,,-0.61,-0.0060818002128629756,-0.10156679494227461,0.12873649227263656,-0.1647073856376181
2011-02-24,1306.1,1307.1,1310.9,1294.3,,-0.1,-0.0009943399112744,-0.10246014293567773,0.12885787203812954,-0.1655379504216714
2011-02-25,1319.9,1307.3,1320.6,1307.3,,1.06,0.010565806599801109,-0.09297691039032296,0.1329403966392435,-0.15672118579095318
2011-02-28,1327.2,1321.6,1329.4,1320.5,,0.55,0.005530722024395862,-0.08796041781198316,0.13384994887749638,-0.1520572450805009
2011-03-01,1306.3,1328.6,1332.1,1306.1,,-1.57,-0.01574743821579272,-0.10232270478284633,0.1302558751616755,-0.1654101712241247
2011-03-02,1308.4,1305.5,1314.2,1302.6,,0.16,0.0016075939676951645,-0.10087960417811836,0.12809543264166562,-0.16406848964988496
2011-03-03,1331.0,1312.4,1332.3,1312.4,,1.73,0.01727300519718744,-0.08534909290818982,0.12897435299555654,-0.14962944032711478
2011-03-04,1321.2,1330.7,1331.1,1312.6,,-0.74,-0.007362885048835421,-0.09208356239691984,0.13157136645899242,-0.1558906210069001
2011-03-07,1310.1,1322.7,1327.7,1304.0,,-0.84,-0.008401453224341604,-0.09971137987905299,0.13504789293500827,-0.1629823664707386
2011-03-08,1321.8,1311.0,1325.7,1306.9,,0.89,0.008930615983512746,-0.09167124793842618,0.13817661254827623,-0.15550728341426023
2011-03-09,1320.0,1319.9,1323.2,1312.3,,-0.14,-0.001361779391738538,-0.09290819131390726,0.13668497962074555,-0.15665729619217994
2011-03-10,1295.1,1315.7,1315.7,1294.2,,-1.89,-0.018863636363636416,-0.11001924134139496,0.15053378066199213,-0.17256580628673657
2011-03-11,1304.3,1293.4,1308.3,1292.0,,0.71,0.007103698556096161,-0.10369708631115848,0.1529568193488896,-0.16668796319959112
2011-03-14,1296.4,1301.2,1301.2,1286.4,,-0.61,-0.006056888752587475,-0.10912589334799183,0.15403634252559067,-0.17173524150268338
2011-03-15,1281.9,1288.5,1288.5,1261.1,,-1.12,-0.011184819500154264,-0.11909015942825574,0.15614201282701823,-0.1809992333248147
2011-03-16,1256.9,1279.5,1280.9,1249.0,,-1.95,-0.01950230127155006,-0.13626992853215902,0.16701765571782018,-0.19697163301814458
2011-03-17,1273.7,1261.6,1278.9,1261.6,,1.34,0.013366218474023306,-0.12472512369433608,0.17602793265360053,-0.1862381804242269
2011-03-18,1279.2,1276.7,1288.9,1276.2,,0.43,0.004318128287665868,-0.12094557449147736,0.17502149275303894,-0.18272425249169433
2011-03-21,1298.4,1281.7,1300.6,1281.7,,1.5,0.015009380863039379,-0.10775151181967968,0.1840503669259717,-0.17045744952721698
2011-03-22,1293.8,1298.3,1299.3,1292.7,,-0.35,-0.003542821934688911,-0.11091258933479797,0.18375751510990604,-0.17339637107078976
2011-03-23,1297.5,1292.2,1300.5,1284.0,,0.29,0.002859792858247001,-0.10836998350742033,0.1709658751632667,-0.17103245591617688
2011-03-24,1309.7,1300.6,1311.3,1297.7,,0.94,0.009402697495183077,-0.09998625618471546,0.17310780684461688,-0.16323792486583188
2011-03-25,1313.8,1311.8,1319.2,1310.2,,0.31,0.0031304878979918627,-0.09716877405167534,0.1733566483169273,-0.16061845131612584
2011-03-28,1310.2,1315.5,1319.7,1310.2,,-0.27,-0.0027401430963616136,-0.09964266080263728,0.1695501127132114,-0.16291847687196526
2011-03-29,1319.4,1309.4,1319.5,1305.3,,0.7,0.007021828728438484,-0.09332050577240081,0.17027299870397908,-0.1570406337848198
2011-03-30,1328.3,1321.9,1331.7,1321.9,,0.67,0.006745490374412411,-0.08720450797141144,0.16206802280236846,-0.1513544594939944
2011-03-31,1325.8,1327.4,1329.8,1325.0,,-0.19,-0.0018821049461718031,-0.08892248488180177,0.16231188299778482,-0.15295169946332743
2011-04-01,1332.4,1329.5,1337.8,1328.9,,0.5,0.004978126414240558,-0.08438702583837121,0.15171628581071503,-0.14873498594428824
2011-04-04,1332.9,1333.6,1336.7,1329.1,,0.04,0.00037526268387866324,-0.08404343045629314,0.14927268746598346,-0.14841553795042162
2011-04-05,1332.6,1332.0,1338.2,1330.0,,-0.02,-0.0002250731487735136,-0.08424958768554014,0.14580215422460222,-0.14860720674674166
2011-04-06,1335.5,1335.9,1339.4,1331.1,,0.22,0.0021761969082996213,-0.08225673446948734,0.14293558803705664,-0.14675440838231535
2011-04-07,1333.5,1334.8,1338.8,1326.6,,-0.15,-0.0014975664545113787,-0.0836311159977996,0.14295900311612275,-0.14803220035778175
2011-04-08,1328.2,1336.2,1339.5,1322.9,,-0.4,-0.003974503187101575,-0.08727322704782703,0.12579096438998016,-0.15141834909276775
2011-04-11,1324.5,1329.0,1333.8,1321.1,,-0.28,-0.0027857250414095036,-0.08981583287520478,0.12463457206225316,-0.1537822642473805
2011-04-12,1314.2,1322.0,1322.0,1309.5,,-0.78,-0.007776519441298535,-0.09689389774601287,0.1259552906117293,-0.16036289292103245
2011-04-13,1314.4,1314.0,1321.3,1309.2,,0.02,0.0001521838380764695,-0.09675645959318158,0.11839546274873664,-0.16023511372348576
2011-04-14,1314.5,1311.1,1316.8,1302.4,,0.01,7.608034083994575e-05,-0.09668774051676599,0.09161675404099033,-0.16017122412471252
2011-04-15,1319.7,1314.5,1322.9,1313.7,,0.4,0.003955876759224042,-0.09311434854315415,0.08244322670346944,-0.15684896498849987
2011-04-18,1305.1,1313.3,1313.3,1294.7,,-1.11,-0.011063120406152982,-0.10314733369983375,0.09285739564297213,-0.16617684640940467
2011-04-19,1312.6,1306.0,1312.7,1304.0,,0.57,0.005746686077695129,-0.09799340296866288,0.07984536419149194,-0.16138512650140568
2011-04-20,1330.4,1319.1,1332.7,1319.1,,1.36,0.01356087155264385,-0.08576140736668358,0.09016770123991272,-0.15001277791975465
2011-04-21,1337.4,1333.2,1337.5,1332.8,,0.53,0.005261575466025237,-0.08095107201759066,0.09105571558336883,-0.1455405060056223
2011-04-25,1335.2,1337.1,1337.5,1331.5,,-0.16,-0.0016449828024525104,-0.08246289169873411,0.08685744291724938,-0.14694607717863528
2011-04-26,1347.2,1336.8,1349.5,1336.8,,0.9,0.008987417615338611,-0.07421660252886042,0.0909956640092773,-0.13927932532583698
2011-04-27,1355.7,1348.4,1357.5,1344.2,,0.63,0.006309382422802878,-0.0683754810335333,0.09144235502246942,-0.13384870943010474
2011-04-28,1360.5,1353.9,1361.7,1353.6,,0.35,0.003540606328833684,-0.06507696536558405,0.08963950182248022,-0.13078200868898548
2011-04-29,1363.6,1360.1,1364.6,1358.7,,0.23,0.0022785740536566124,-0.06294667399670018,0.08764485989767207,-0.1288014311270126
2011-05-02,1361.2,1365.2,1370.6,1358.6,,-0.18,-0.001760046934584869,-0.0645959318306748,0.08759065299351686,-0.13033478149757216
2011-05-03,1356.6,1359.8,1360.8,1349.5,,-0.34,-0.0033793711431091555,-0.0677570093457931,0.08791668884459482,-0.13327370304114494
2011-05-04,1347.3,1355.9,1355.9,1341.5,,-0.69,-0.006855373728438696,-0.07414788345244505,0.09190895819686215,-0.13921543572706374
2011-05-05,1335.1,1344.2,1348.0,1329.2,,-0.91,-0.00905514733170043,-0.08253161077514981,0.09772625113762572,-0.14700996677740874
2011-05-06,1340.2,1340.2,1354.4,1335.6,,0.38,0.003819938581379745,-0.07902693787795345,0.09832874276777032,-0.14375159723996933
2011-05-09,1346.3,1340.2,1349.4,1338.6,,0.46,0.004551559468735977,-0.07483507421660107,0.09925256574140073,-0.1398543317147969
2011-05-10,1357.2,1348.3,1359.4,1348.3,,0.81,0.008096263834212358,-0.06734469488729922,0.10122484239806179,-0.13289036544850497
2011-05-11,1342.1,1354.5,1354.5,1336.4,,-1.11,-0.011125847332744021,-0.07772127542605689,0.1090274548074876,-0.1425376948632764
2011-05-12,1348.7,1339.4,1351.0,1332.0,,0.49,0.004917666343789762,-0.07318581638262622,0.10547369427007929,-0.1383209813442372
2011-05-13,1337.8,1348.7,1350.5,1333.4,,-0.81,-0.00808185660265448,-0.08067619571192808,0.11030539988363561,-0.145284947610529
2011-05-16,1329.5,1334.8,1343.3,1327.3,,-0.62,-0.006204215876812635,-0.0863798790544239,0.11298332162916536,-0.15058778430871456
2011-05-17,1329.0,1326.1,1330.4,1318.5,,-0.04,-0.00037608123354648804,-0.08672347443650197,0.11233971094383602,-0.15090723230258118
2011-05-18,1340.7,1328.5,1341.8,1326.6,,0.88,0.00880361173814892,-0.07868334249587527,0.10788147070475457,-0.1434321492461027
2011-05-19,1343.6,1342.4,1346.8,1336.4,,0.22,0.0021630491534272434,-0.07669048927982258,0.1067302380626247,-0.1415793508816765
2011-05-20,1333.3,1342.0,1342.0,1330.7,,-0.77,-0.007665972015480804,-0.08376855415063078,0.10075112441802253,-0.14815997955532845
2011-05-23,1317.4,1333.1,1333.1,1312.9,,-1.19,-0.011925298132453244,-0.09469488730071318,0.10709734717277078,-0.1583184257602862
2011-05-24,1316.3,1317.7,1323.7,1313.9,,-0.08,-0.0008349779869440965,-0.09545079714128502,0.10704361126667587,-0.1590212113467928
2011-05-25,1320.5,1316.4,1325.9,1311.8,,0.32,0.003190761984350088,-0.0925645959318292,0.10223864325858197,-0.1563378481983133
2011-05-26,1325.7,1320.6,1328.5,1314.4,,0.39,0.003937902309731234,-0.08899120395821725,0.10043611726916879,-0.15301558906210067
2011-05-27,1331.1,1325.7,1334.6,1325.7,,0.41,0.004073319755600657,-0.08528037383177434,0.10075907045105717,-0.14956555072834155
2011-05-31,1345.2,1331.1,1345.2,1331.1,,1.06,0.010592742844264258,-0.0755909840571728,0.10804220366317431,-0.14055711730130338
2011-06-01,1314.5,1345.2,1345.2,1313.7,,-2.28,-0.022821885221528393,-0.09668774051676599,0.13266106644469056,-0.16017122412471252
2011-06-02,1312.9,1314.5,1318.0,1305.6,,-0.12,-0.0012171928489919104,-0.09778724573941566,0.13251267544174608,-0.16119345770508553
2011-06-03,1300.2,1312.9,1312.9,1297.9,,-0.97,-0.009673242440399132,-0.10651456844419849,0.1342886149175414,-0.16930743674929716
2011-06-06,1286.2,1300.3,1300.3,1284.7,,-1.08,-0.010767574219350817,-0.11613523914238433,0.13560160950700684,-0.17825198057756197
2011-06-07,1284.9,1286.3,1296.2,1284.7,,-0.1,-0.0010107292800497492,-0.11702858713578734,0.13413035147809246,-0.17908254536161505
2011-06-08,1279.6,1284.6,1287.0,1277.4,,-0.41,-0.004124834617480144,-0.120670698185815,0.13216776644211214,-0.18246869409660116
2011-06-09,1289.0,1279.6,1294.5,1279.6,,0.73,0.007346045639262444,-0.11421110500274723,0.1314417987312337,-0.176463071811909
2011-06-10,1271.0,1288.6,1288.6,1268.3,,-1.4,-0.013964313421256813,-0.1265805387575576,0.13415068065100272,-0.18796319959110663
2011-06-13,1271.8,1271.3,1277.0,1265.6,,0.06,0.0006294256490950723,-0.12603078614623275,0.1319454844668397,-0.18745208280092007
2011-06-14,1287.9,1272.2,1292.5,1272.2,,1.27,0.012659223148293819,-0.11496701484331895,0.14067552406956796,-0.1771658573984155
2011-06-15,1265.4,1287.9,1287.9,1261.9,,-1.75,-0.017470300489168422,-0.1304288070368319,0.15023755519114132,-0.19154101712241245
2011-06-16,1267.6,1265.5,1274.1,1258.1,,0.17,0.0017385806859488984,-0.12891698735568857,0.15075777206332713,-0.19013544594939957
2011-06-17,1271.5,1268.6,1279.8,1267.4,,0.31,0.003076680340801552,-0.12623694337547964,0.14673949234783298,-0.18764375159724
2011-06-20,1278.4,1271.5,1280.4,1267.6,,0.54,0.005426661423515666,-0.1214953271028022,0.14846584231251597,-0.1832353692818809
2011-06-21,1295.5,1278.4,1297.6,1278.4,,1.34,0.01337609511889859,-0.10974436503573237,0.15659731639069394,-0.1723102478916433
2011-06-22,1287.1,1295.5,1298.6,1286.8,,-0.65,-0.006483983018139794,-0.1155167674546439,0.15304928626478803,-0.17767697418860218
2011-06-23,1283.5,1286.6,1286.6,1262.9,,-0.28,-0.0027969854712143194,-0.11799065420560595,0.15316333444000488,-0.1799769997444416
2011-06-24,1268.5,1283.0,1283.9,1267.2,,-1.17,-0.0116867939228672,-0.12829851566794792,0.15647781834153196,-0.18956043956043955
2011-06-27,1280.1,1268.4,1284.9,1267.5,,0.91,0.009144659046117498,-0.12032710280373682,0.159912500430357,-0.18214924610273453
2011-06-28,1296.7,1280.2,1296.8,1280.2,,1.3,0.012967736895555193,-0.10891973611874495,0.16672352049709915,-0.17154357270636345
2011-06-29,1307.4,1296.8,1309.2,1296.8,,0.83,0.008251715894193046,-0.10156679494227427,0.16482472770808054,-0.1647073856376181
2011-06-30,1320.6,1307.6,1322.0,1307.6,,1.01,0.010096374483707926,-0.0924958768554135,0.14940299555921074,-0.15627395859954007
2011-07-01,1339.7,1320.6,1341.0,1318.2,,1.45,0.014463122822959473,-0.07937053326003118,0.1571207867887094,-0.14407104523383596
2011-07-05,1337.9,1339.6,1340.9,1334.3,,-0.13,-0.001343584384563723,-0.08060747663551227,0.15256858431802003,-0.14522105801175567
2011-07-06,1339.2,1337.6,1340.9,1330.9,,0.1,0.0009716720233201581,-0.07971412864210925,0.14604649320513105,-0.14439049322770248
2011-07-07,1353.2,1339.6,1356.5,1339.6,,1.05,0.01045400238948635,-0.0700934579439233,0.14848271687314932,-0.13544594939943777
2011-07-08,1343.8,1352.4,1352.4,1333.7,,-0.69,-0.006946497191841594,-0.07655305112699096,0.15038120300162847,-0.14145157168412992
2011-07-11,1319.5,1343.3,1343.3,1316.4,,-1.81,-0.018083048072629837,-0.09325178669598488,0.16489303909442943,-0.15697674418604657
2011-07-12,1313.6,1319.6,1327.2,1313.3,,-0.45,-0.004471390678287279,-0.09730621220450608,0.15700849031541872,-0.16074623051367243
2011-07-13,1317.7,1314.5,1331.5,1314.5,,0.31,0.0031211936662607354,-0.09448873007146585,0.15704811896724472,-0.15812675696396628
2011-07-14,1308.9,1317.7,1326.9,1306.5,,-0.67,-0.006678303103893057,-0.10053600879603974,0.15436532712512227,-0.16374904165601833
2011-07-15,1316.1,1308.9,1317.7,1307.5,,0.55,0.005500802200320676,-0.09558823529411575,0.13991254691164684,-0.1591489905443395
2011-07-18,1305.4,1315.9,1315.9,1295.9,,-0.81,-0.00813008130081283,-0.1029411764705862,0.14417594558986793,-0.1659851776130845
2011-07-19,1326.7,1307.1,1328.1,1307.1,,1.63,0.016316837750880886,-0.08830401319406067,0.15309005265232445,-0.15237669307436752
2011-07-20,1325.8,1328.7,1330.4,1323.7,,-0.07,-0.0006783749152031726,-0.08892248488180121,0.15286402896570328,-0.15295169946332743
2011-07-21,1343.8,1325.7,1347.0,1325.7,,1.36,0.013576708402474047,-0.07655305112699073,0.1530572487798768,-0.14145157168412992
2011-07-22,1345.0,1343.8,1346.1,1337.0,,0.09,0.00089299002827814,-0.07572842221000331,0.15013874057181775,-0.14068489649884997
2011-07-25,1337.4,1344.3,1344.3,1331.1,,-0.57,-0.0056505576208177866,-0.08095107201758989,0.15163899255418004,-0.1455405060056223
2011-07-26,1331.9,1337.4,1338.5,1329.6,,-0.41,-0.004112457006131276,-0.08473062122044861,0.1451536324536833,-0.14905443393815487
2011-07-27,1304.9,1331.9,1331.9,1303.5,,-2.03,-0.02027179217658981,-0.10328477185266416,0.16256608381030246,-0.16630462560695114
2011-07-28,1300.7,1304.8,1316.3,1299.2,,-0.32,-0.003218637443482275,-0.10617097306211998,0.15708434658416334,-0.16898798875543064
2011-07-29,1292.3,1300.1,1304.2,1282.9,,-0.65,-0.0064580610440532205,-0.1119433754810315,0.15583613837403018,-0.17435471505238953
2011-08-01,1286.9,1292.6,1307.4,1274.7,,-0.42,-0.004178596301168347,-0.11565420560747453,0.15137972046236242,-0.17780475338614865
2011-08-02,1254.0,1286.6,1286.6,1254.0,,-2.56,-0.02556531199005374,-0.13826278174821138,0.16234756075111997,-0.1988244313825709
2011-08-03,1260.3,1254.2,1261.2,1234.6,,0.5,0.005023923444976042,-0.13393347993402782,0.16469359962056468,-0.19479938665985186
2011-08-04,1200.1,1260.2,1260.2,1199.5,,-4.78,-0.04776640482424821,-0.1753023639362269,0.22585170621023667,-0.2332609251213903
2011-08-05,1199.4,1200.3,1218.1,1168.1,,-0.06,-0.0005832847262726704,-0.17578339747113603,0.2194122029681563,-0.2337081523128034
2011-08-08,1119.5,1198.5,1198.5,1119.3,,-6.66,-0.06661664165416048,-0.23068993952721095,0.30469377406418385,-0.2847559417326859
2011-08-09,1172.5,1120.2,1172.9,1101.5,,4.73,0.04734256364448419,-0.19426882902693599,0.35828445023669764,-0.25089445438282654
2011-08-10,1120.8,1171.8,1171.8,1118.0,,-4.41,-0.0440938166311301,-0.22979659153380805,0.3825148233022824,-0.28392537694863285
2011-08-11,1172.6,1121.3,1186.3,1121.3,,4.62,0.04621698786581008,-0.1942001099505205,0.42410688227529736,-0.2508305647840532
2011-08-12,1178.8,1172.9,1189.0,1170.7,,0.53,0.005287395531297978,-0.18993952721275253,0.4256031466323383,-0.2468694096601074
2011-08-15,1204.5,1178.9,1204.5,1178.9,,2.18,0.021801832371903584,-0.17227872457394,0.43415096117596885,-0.2304497827753642
2011-08-16,1192.8,1204.2,1204.2,1180.5,,-0.97,-0.009713574097135802,-0.1803188565145668,0.43438221745872885,-0.23792486583184258
2011-08-17,1193.9,1192.9,1208.5,1184.4,,0.09,0.0009221998658619501,-0.17956294667399497,0.4285775335177131,-0.23722208024533598
2011-08-18,1140.7,1189.6,1189.6,1131.0,,-4.46,-0.0445598458832398,-0.21612149532710112,0.44987072707067627,-0.27121134679274217
2011-08-19,1123.5,1140.5,1154.5,1122.0,,-1.51,-0.0150784605943719,-0.22794117647058665,0.44447705441411883,-0.2822003577817531
2011-08-22,1123.8,1123.5,1145.5,1121.1,,0.03,0.0002670226969292422,-0.22773501924133976,0.4443225012562444,-0.2820086889854332
2011-08-23,1162.3,1124.4,1162.3,1122.9,,3.43,0.03425876490478741,-0.2012781748213287,0.4680195940819985,-0.25741119345770513
2011-08-24,1177.6,1162.2,1178.6,1156.3,,1.32,0.013163555020218487,-0.19076415612973996,0.47281208747693493,-0.24763608484538724
2011-08-25,1159.3,1176.7,1190.7,1155.5,,-1.55,-0.015540081521739135,-0.2033397471137972,0.4712207822960184,-0.2593278814209047
2011-08-26,1176.8,1158.8,1181.2,1135.9,,1.51,0.015095316139049464,-0.1913139087410649,0.4764302753235617,-0.2481472016355738
2011-08-29,1210.1,1177.9,1210.3,1177.9,,2.83,0.028297076818490696,-0.1684304562946658,0.48950029559417,-0.2268719652440584
2011-08-30,1212.9,1209.8,1220.1,1195.8,,0.23,0.00231385835881337,-0.16650632215502859,0.48976437946514195,-0.22508305647840532
2011-08-31,1218.9,1213.0,1230.7,1209.3,,0.49,0.004946821667078938,-0.1623831775700918,0.48290487856143116,-0.2212496805520061
2011-09-01,1204.4,1219.1,1229.3,1203.8,,-1.19,-0.011895971777832526,-0.1723474436503557,0.4838432956481381,-0.23051367237413745
2011-09-02,1174.0,1203.9,1203.9,1170.6,,-2.52,-0.025240783792759958,-0.19323804288070212,0.46265551701926805,-0.24993611040122665
2011-09-06,1165.2,1174.0,1174.0,1140.1,,-0.75,-0.007495741056217975,-0.199285321605276,0.4632643836962354,-0.2555583950932788
2011-09-07,1198.6,1165.8,1198.6,1165.8,,2.87,0.028664606934431847,-0.1763331500824612,0.40734164284502844,-0.23421926910299007
2011-09-08,1185.9,1198.0,1204.4,1183.3,,-1.06,-0.010595694977473591,-0.1850604727872439,0.3772250355125321,-0.24233324814720159
2011-09-09,1154.2,1185.4,1185.4,1148.4,,-2.67,-0.02673075301458816,-0.20684442001099335,0.3553428921904042,-0.262586250958344
2011-09-12,1162.3,1153.5,1162.5,1136.1,,0.7,0.007017847859989601,-0.2012781748213287,0.3172867270250402,-0.25741119345770513
2011-09-13,1172.9,1162.6,1176.4,1157.4,,0.91,0.009119848576099265,-0.19399395272127362,0.31840211483651504,-0.25063889598773315
2011-09-14,1188.7,1173.3,1202.4,1162.7,,1.35,0.01347088413334463,-0.1831363386476068,0.31245138815299045,-0.24054433938154862
2011-09-15,1209.1,1189.4,1209.1,1189.4,,1.72,0.017161605114831113,-0.16911764705882193,0.31625142011399865,-0.22751086123179154
2011-09-16,1216.0,1209.2,1220.1,1204.5,,0.57,0.005706724009594044,-0.1643760307861445,0.316701782464463,-0.22310247891643242
2011-09-19,1204.1,1215.0,1215.0,1188.4,,-0.98,-0.00978618421052635,-0.17255360087960248,0.2735514484186578,-0.2307053411704575
2011-09-20,1202.1,1204.5,1220.4,1201.3,,-0.17,-0.0016609916119924018,-0.17392798240791474,0.2664070438804184,-0.2319831331459239
2011-09-21,1166.8,1203.6,1206.3,1166.2,,-2.94,-0.02936527743116213,-0.1981858163826261,0.2895141289737093,-0.2545361615129057
2011-09-22,1129.6,1164.5,1164.5,1114.2,,-3.19,-0.031882070620500524,-0.22374931280923416,0.2871578163956619,-0.2783030922565807
2011-09-23,1136.4,1128.8,1141.7,1121.4,,0.6,0.006019830028328732,-0.21907641561297242,0.28370045409728845,-0.2739585995399949
2011-09-26,1163.0,1136.9,1164.2,1131.1,,2.34,0.02340725096796903,-0.20079714128641935,0.2914615138684624,-0.2569639662662919
2011-09-27,1175.4,1163.3,1195.9,1163.3,,1.07,0.010662080825451392,-0.1922759758108833,0.2890228150184093,-0.24904165601840011
2011-09-28,1151.1,1175.4,1184.7,1150.4,,-2.07,-0.020673813169984845,-0.20897471137987744,0.2784186656126675,-0.264566828520317
2011-09-29,1160.4,1151.7,1175.9,1139.9,,0.81,0.008079228563982355,-0.20258383727322538,0.28031416894101135,-0.2586250958343981
2011-09-30,1131.4,1159.9,1159.9,1131.3,,-2.5,-0.02499138228197173,-0.2225123694337532,0.29004137287161724,-0.27715307947866086
2011-10-03,1099.2,1131.2,1139.0,1098.9,,-2.85,-0.028460314654410457,-0.24463991203958058,0.30161350274071225,-0.29772553028366977
2011-10-04,1124.0,1097.4,1125.1,1074.8,,2.26,0.022561863173216734,-0.22759758108850858,0.30497470503706336,-0.2818809097878866
2011-10-05,1144.0,1124.0,1146.1,1115.7,,1.78,0.017793594306049876,-0.21385376580538595,0.3116313981239275,-0.2691029900332226
2011-10-06,1165.0,1144.1,1165.5,1135.0,,1.84,0.018356643356643332,-0.1994227597581072,0.3012708329811084,-0.2556861742908255
2011-10-07,1155.5,1165.0,1171.4,1150.3,,-0.82,-0.008154506437768272,-0.20595107201759044,0.30042706263103347,-0.2617556861742908
2011-10-10,1194.9,1158.2,1194.9,1158.2,,3.41,0.034097793163132994,-0.17887575590983873,0.3087296753228711,-0.23658318425760283
2011-10-11,1195.5,1194.6,1199.2,1187.3,,0.05,0.0005021340697966004,-0.17846344145134507,0.3081753380635448,-0.23619984666496296
2011-10-12,1207.2,1196.2,1220.2,1196.2,,0.98,0.00978670012547056,-0.17042330951071827,0.3083910702090595,-0.22872476360848448
2011-10-13,1203.7,1207.0,1207.5,1190.6,,-0.29,-0.0028992710404240896,-0.17282847718526473,0.30562189917302157,-0.23096089956555077
2011-10-14,1224.6,1205.7,1224.6,1205.7,,1.74,0.017363130348093225,-0.15846619021440167,0.3057588169755009,-0.21760797342192695
2011-10-17,1200.9,1224.5,1224.5,1198.5,,-1.94,-0.01935325820676126,-0.17475261132490183,0.31291485162555294,-0.23274980833120362
2011-10-18,1225.4,1200.8,1233.1,1191.5,,2.04,0.020401365642434888,-0.1579164376030766,0.3189325562387168,-0.21709685663174028
2011-10-19,1209.9,1223.5,1229.6,1206.3,,-1.26,-0.012648930961318805,-0.16856789444749665,0.32235291275472927,-0.22699974444160487
2011-10-20,1215.4,1211.1,1219.5,1197.3,,0.45,0.004545830233903647,-0.16478834524463792,0.30362000476328693,-0.2234858165090723
2011-10-21,1238.2,1215.4,1239.0,1215.4,,1.88,0.01875925621194674,-0.14912039582187808,0.2820777812363179,-0.2089189879887554
2011-10-24,1254.2,1238.7,1256.5,1238.7,,1.29,0.012921983524470937,-0.1381253435953801,0.2835462482828896,-0.1986966521850243
2011-10-25,1229.0,1254.2,1254.2,1226.8,,-2.01,-0.020092489236166466,-0.15544255085211456,0.2877041739777242,-0.21479683107590086
2011-10-26,1242.0,1229.2,1246.3,1221.1,,1.06,0.01057770545158676,-0.14650907091808474,0.28767522623944547,-0.2064911832353693
2011-10-27,1284.6,1244.0,1292.7,1244.0,,3.43,0.034299516908212535,-0.11723474436503356,0.2941504131291586,-0.1792742141579352
2011-10-28,1285.1,1284.4,1287.1,1277.0,,0.04,0.00038922621827808257,-0.1168911489829555,0.2944746621140002,-0.17895476616406858
2011-10-31,1253.3,1285.0,1285.0,1253.2,,-2.47,-0.024745156018986858,-0.13874381528312052,0.2941593735071767,-0.1992716585739842
2011-11-01,1218.3,1251.0,1251.0,1215.4,,-2.79,-0.027926274634963666,-0.16279549202858512,0.29339770661619347,-0.2216330181446461
2011-11-02,1237.9,1219.6,1242.5,1219.6,,1.61,0.016087991463514806,-0.14932655305112486,0.28936484900455633,-0.20911065678507534
2011-11-03,1261.2,1238.2,1263.2,1234.8,,1.88,0.018822198885208863,-0.13331500824628695,0.28996969963122804,-0.19422438027089184
2011-11-04,1253.2,1260.8,1260.8,1238.9,,-0.63,-0.00634316523945444,-0.138812534359536,0.2880519122854308,-0.19933554817275745
2011-11-07,1261.1,1253.2,1261.7,1240.8,,0.63,0.006303862112990721,-0.13338372732270254,0.28493145657857616,-0.1942882698696653
2011-11-08,1275.9,1261.1,1277.5,1255.0,,1.17,0.011735786218380895,-0.12321330401319164,0.2653482259103885,-0.18483260925121392
2011-11-09,1229.1,1275.2,1275.2,1226.6,,-3.67,-0.03667999059487437,-0.15537383177569875,0.2993077896095595,-0.21473294147712763
2011-11-10,1239.7,1229.6,1246.2,1227.7,,0.86,0.008624196566593634,-0.14808960967564355,0.29892865313542005,-0.20796064400715564
2011-11-11,1263.8,1240.1,1267.0,1240.1,,1.94,0.019440187142050425,-0.1315283122594808,0.3048060554095989,-0.19256325070278568
2011-11-14,1251.8,1263.8,1263.8,1246.7,,-0.95,-0.009495173286912517,-0.13977460142935438,0.3024943022661679,-0.20023000255558399
2011-11-15,1257.8,1251.7,1264.2,1244.3,,0.48,0.004793097938967872,-0.1356514568444176,0.29322455810804704,-0.19639662662918478
2011-11-16,1236.9,1257.8,1259.6,1235.7,,-1.66,-0.016616314199395688,-0.15001374381528065,0.29258146141551955,-0.2097495527728086
2011-11-17,1216.1,1236.6,1237.7,1209.4,,-1.68,-0.016816234133721575,-0.16430731170972834,0.29530395469162296,-0.22303858931765919
2011-11-18,1215.7,1216.2,1223.5,1211.4,,-0.03,-0.000328920319052628,-0.1645821880153907,0.29492606374471386,-0.22329414771275236
2011-11-21,1193.0,1215.6,1215.6,1183.2,,-1.87,-0.018672369828082624,-0.18018141836173496,0.29371147700366684,-0.237797086634296
2011-11-22,1188.0,1193.0,1196.8,1181.7,,-0.42,-0.00419111483654655,-0.18361737218251561,0.2889907466428266,-0.24099156657296195
2011-11-23,1161.8,1187.5,1187.5,1161.8,,-2.21,-0.022053872053872103,-0.20162177020340633,0.29057749348472134,-0.25773064145157176
2011-11-25,1158.7,1161.4,1172.7,1158.7,,-0.27,-0.002668273368910179,-0.2037520615722902,0.2866543988595267,-0.25971121901354455
2011-11-28,1192.5,1158.7,1197.3,1158.7,,2.92,0.029170622249072187,-0.18052501374381302,0.27865175869616987,-0.2381165346281625
2011-11-29,1195.2,1192.6,1203.7,1191.8,,0.23,0.0022641509433962703,-0.1786695986805914,0.27904749113863775,-0.2363915154612829
2011-11-30,1247.0,1196.7,1247.1,1196.7,,4.33,0.043340026773761586,-0.14307311709730386,0.31096579607324093,-0.20329670329670335
2011-12-01,1244.6,1246.9,1251.1,1239.7,,-0.19,-0.0019246190858059897,-0.1447223749312786,0.2941972817179834,-0.20483005366726303
2011-12-02,1244.3,1246.0,1260.1,1243.3,,-0.02,-0.00024104129840907262,-0.14492853216052537,0.2891667533363249,-0.20502172246358297
2011-12-05,1257.1,1244.3,1266.7,1244.3,,1.03,0.010286908301856412,-0.13613249037932695,0.2837778230622731,-0.1968438538205981
2011-12-06,1258.5,1257.2,1266.0,1253.0,,0.11,0.001113674329806802,-0.13517042330950824,0.2828529542259849,-0.19594939943777157
2011-12-07,1261.0,1258.1,1267.1,1244.8,,0.2,0.0019864918553833544,-0.1334524463991179,0.2821026098129757,-0.19435215946843853
2011-12-08,1234.3,1260.9,1260.9,1231.5,,-2.12,-0.021173671689135642,-0.15180043980208668,0.288039402502017,-0.21141068234091498
2011-12-09,1255.2,1234.5,1258.2,1234.5,,1.69,0.01693267439034285,-0.1374381528312234,0.26423912331184,-0.19805775619729105
2011-12-12,1236.5,1255.0,1255.0,1227.2,,-1.49,-0.014898024219248018,-0.15028862012094313,0.2683667903330081,-0.21000511116790188
2011-12-13,1225.7,1236.8,1249.9,1219.4,,-0.87,-0.008734330772341203,-0.15771028037382928,0.2602926742257221,-0.21690518783542034
2011-12-14,1211.8,1225.7,1225.7,1209.5,,-1.13,-0.011340458513502516,-0.16726223199559953,0.2610992830474605,-0.22578584206491192
2011-12-15,1215.8,1212.1,1225.6,1212.1,,0.33,0.00330087473180396,-0.164513468938975,0.2607029066825409,-0.22323025811397912
2011-12-16,1219.7,1216.1,1231.0,1215.2,,0.32,0.0032077644349399748,-0.16183342495876607,0.25519543060114,-0.22073856376181955
2011-12-19,1205.3,1219.7,1224.6,1202.4,,-1.18,-0.011806181847995534,-0.1717289719626145,0.2517371374766966,-0.22993866598517765
2011-12-20,1241.3,1205.7,1242.8,1205.7,,2.99,0.029868082635028603,-0.14699010445299376,0.2725740016788529,-0.20693841042678263
2011-12-21,1243.7,1241.2,1245.1,1229.5,,0.19,0.0019334568597439983,-0.14534084661901892,0.26288429206459274,-0.20540506005622283
2011-12-22,1254.0,1243.7,1255.2,1243.7,,0.83,0.008281739969445923,-0.13826278174821083,0.2626661958036882,-0.1988244313825709
2011-12-23,1265.3,1254.0,1265.4,1254.0,,0.9,0.009011164274322025,-0.1304975261132466,0.2473665932507631,-0.1916049067211858
2011-12-27,1265.4,1265.0,1269.4,1262.3,,0.01,7.903264048070291e-05,-0.1304288070368308,0.2465892360518255,-0.19154101712241245
2011-12-28,1249.6,1265.4,1265.8,1248.6,,-1.25,-0.01248617038090738,-0.14128642111049783,0.23566853734550858,-0.20163557372859708
2011-12-29,1263.0,1249.8,1263.5,1249.8,,1.07,0.010723431498079528,-0.13207806487080553,0.23745233010032404,-0.19307436749297213
2011-12-30,1257.6,1262.8,1264.1,1257.5,,-0.43,-0.004275534441805284,-0.13578889499724867,0.1867338213356943,-0.19652440582673147
2012-01-03,1277.1,1258.9,1284.6,1258.9,,1.55,0.015505725190839703,-0.1223886750962041,0.19355623617226284,-0.1840659340659342
2012-01-04,1277.3,1277.0,1278.7,1268.1,,0.02,0.0001566048077676907,-0.12225123694337281,0.19352127372709785,-0.1839381548683875
2012-01-05,1281.1,1277.3,1283.0,1265.3,,0.3,0.0029750254442966195,-0.11963991203957947,0.19089106637273534,-0.18151035011500138
2012-01-06,1277.8,1280.9,1281.8,1273.3,,-0.26,-0.00257591132620405,-0.12190764156129474,0.19128345207105515,-0.18361870687452087
2012-01-09,1280.7,1277.8,1282.0,1274.5,,0.23,0.002269525747378376,-0.11991478834524194,0.1913081976287094,-0.18176590851009455
2012-01-10,1292.1,1280.8,1296.5,1280.8,,0.89,0.008901382056687668,-0.11208081363386213,0.17548130821508245,-0.17448249424993623
2012-01-11,1292.5,1292.0,1293.8,1285.4,,0.03,0.00030957356241789746,-0.11180593732819955,0.16719636521879375,-0.17422693585484283
2012-01-12,1295.5,1292.5,1296.8,1285.8,,0.23,0.002321083172146965,-0.10974436503573115,0.15626813613415289,-0.1723102478916433
2012-01-13,1289.1,1294.8,1294.8,1277.6,,-0.49,-0.004940177537630319,-0.11414238592633041,0.15342921847403324,-0.17639918221313577
2012-01-17,1293.7,1290.2,1303.0,1290.2,,0.36,0.003568381041036517,-0.11098130841121212,0.14500768907696662,-0.173460260669563
2012-01-18,1308.0,1293.7,1308.1,1291.0,,1.11,0.011053567287624633,-0.1011544804837794,0.14756792596517226,-0.16432404804497835
2012-01-19,1314.5,1308.1,1315.5,1308.1,,0.5,0.00496941896024472,-0.09668774051676443,0.1476459652590496,-0.16017122412471252
2012-01-20,1315.4,1314.5,1315.4,1309.2,,0.07,0.0006846709775580884,-0.09606926882902389,0.13718070659839438,-0.1595962177357526
2012-01-23,1316.0,1315.3,1322.3,1309.9,,0.05,0.0004561350159646427,-0.09565695437053023,0.10089268062982092,-0.15921288014311274
2012-01-24,1314.7,1316.0,1316.0,1306.1,,-0.1,-0.00098784194528867,-0.09655030236393314,0.10171509737088714,-0.16004344492716582
2012-01-25,1326.0,1314.4,1328.3,1307.7,,0.86,0.008595116756674459,-0.08878504672896892,0.10193861854170923,-0.15282392026578073
2012-01-26,1318.4,1326.3,1333.5,1313.6,,-0.57,-0.005731523378582182,-0.0940076965365555,0.10318973786461397,-0.15767952977255295
2012-01-27,1316.3,1318.2,1320.1,1311.7,,-0.16,-0.0015928398058253634,-0.09545079714128346,0.10373879156956778,-0.1590212113467928
2012-01-30,1313.0,1316.2,1316.2,1300.5,,-0.25,-0.0025070272734178944,-0.09771852666299863,0.09131805443210045,-0.1611295681063123
2012-01-31,1312.4,1313.5,1321.4,1306.7,,-0.05,-0.0004569687738004147,-0.09813084112149228,0.08652696778722649,-0.16151290569895216
2012-02-01,1324.1,1312.5,1330.5,1312.5,,0.89,0.008914964949710225,-0.0900907091808657,0.08683925413967347,-0.1540378226424739
2012-02-02,1325.5,1324.2,1329.2,1321.6,,0.11,0.0010573219545351176,-0.08912864211104721,0.07280216567723098,-0.15314336825964736
2012-02-03,1344.9,1326.2,1345.3,1326.2,,1.46,0.014635986420218794,-0.07579714128641823,0.0849858178210842,-0.1407487860976233
2012-02-06,1344.3,1344.3,1344.4,1337.5,,-0.04,-0.00044612982377878474,-0.076209455744912,0.0855552789937459,-0.1411321236902633
2012-02-07,1347.0,1344.3,1349.2,1335.9,,0.2,0.0020084802499442667,-0.07435404068169038,0.08371089883058849,-0.13940710452338367
2012-02-08,1350.0,1347.0,1351.0,1342.0,,0.22,0.00222717149220486,-0.07229246838922199,0.08371267369500106,-0.13749041656018401
2012-02-09,1352.0,1350.0,1354.3,1344.6,,0.15,0.001481481481481417,-0.07091808686090983,0.08047574529061571,-0.1362126245847176
2012-02-10,1342.6,1351.2,1351.2,1337.3,,-0.7,-0.006952662721893543,-0.07737768004397749,0.08631421184964774,-0.14221824686940976
2012-02-13,1351.8,1343.1,1353.3,1343.1,,0.69,0.006852375986891035,-0.07105552501374113,0.08805111485165801,-0.1363404037822643
2012-02-14,1350.5,1351.3,1351.3,1340.8,,-0.1,-0.0009616807220003132,-0.07194887300714414,0.08510512531822362,-0.13717096856631739
2012-02-15,1343.2,1350.5,1355.9,1340.8,,-0.54,-0.00540540540540535,-0.07696536558548384,0.08892120813011162,-0.14183490927676978
2012-02-16,1358.0,1342.6,1359.0,1341.2,,1.1,0.011018463371054166,-0.06679494227597316,0.08887527299302646,-0.1323792486583184
2012-02-17,1361.2,1358.1,1363.4,1357.2,,0.24,0.002356406480117812,-0.06459593183067358,0.08816028088078007,-0.13033478149757216
2012-02-21,1362.2,1361.2,1367.8,1358.1,,0.07,0.0007346459006758455,-0.06390874106651745,0.08815335284936869,-0.12969588550983902
2012-02-22,1357.7,1362.1,1362.7,1355.5,,-0.33,-0.0033034796652473553,-0.06700109950522004,0.08975887770224475,-0.13257091745463834
2012-02-23,1363.5,1357.5,1364.2,1352.3,,0.43,0.004271930470648888,-0.06301539307311443,0.08976999396949416,-0.12886532072578583
2012-02-24,1365.7,1363.5,1368.9,1363.5,,0.16,0.0016134946828016972,-0.06150357339197088,0.08625340900670478,-0.12745974955277284
2012-02-27,1367.6,1365.2,1371.9,1354.9,,0.14,0.0013912279417147566,-0.06019791094007432,0.08224868095519322,-0.12624584717607978
2012-02-28,1372.2,1367.6,1373.1,1366.0,,0.34,0.00336355659549592,-0.05703683342495591,0.08149229728020534,-0.123306925632507
2012-02-29,1365.7,1372.2,1378.0,1363.8,,-0.47,-0.004736918816499069,-0.06150357339197077,0.08338851759538642,-0.12745974955277284
2012-03-01,1374.1,1365.9,1376.2,1365.9,,0.62,0.006150691952844678,-0.05573117097305924,0.08418421575191419,-0.12209302325581406
2012-03-02,1369.6,1374.1,1374.5,1366.4,,-0.33,-0.0032748708245396996,-0.05882352941176183,0.08251309317451214,-0.12496805520061338
2012-03-05,1364.3,1369.6,1369.6,1359.1,,-0.39,-0.0038697429906541236,-0.06246564046178926,0.08467557211513628,-0.12835420393559938
2012-03-06,1343.4,1363.6,1363.6,1340.0,,-1.53,-0.015319211317158854,-0.07682792743265232,0.08909237260160195,-0.1417071300792231
2012-03-07,1352.6,1343.4,1354.8,1343.4,,0.68,0.006848295369956681,-0.07050577240241607,0.09220060379880471,-0.13582928699207775
2012-03-08,1365.9,1352.7,1368.7,1352.7,,0.98,0.00983291438710654,-0.06136613523913925,0.09782974784104545,-0.12733197035522614
2012-03-09,1370.9,1366.0,1374.8,1366.0,,0.37,0.003660590087122051,-0.057930181418358595,0.09824019771847473,-0.12413749041656019
2012-03-12,1371.1,1370.8,1373.0,1366.7,,0.01,0.00014588956160177524,-0.05779274326552741,0.09822385695601081,-0.12400971121901361
2012-03-13,1396.0,1371.9,1396.1,1371.9,,1.82,0.018160600977317642,-0.04068169323803961,0.11127246455978393,-0.10810120112445698
2012-03-14,1394.3,1396.0,1399.4,1390.0,,-0.12,-0.0012177650429799902,-0.0418499175371051,0.11023769574149989,-0.10918732430360345
2012-03-15,1402.6,1394.2,1402.6,1392.8,,0.6,0.00595280786057506,-0.036146234194609383,0.11089396059991884,-0.10388448760541791
2012-03-16,1404.2,1402.5,1405.9,1401.5,,0.11,0.001140738628261806,-0.035046728971959595,0.10778942672902293,-0.10286225402504467
2012-03-19,1409.8,1404.2,1414.0,1402.4,,0.4,0.003988035892322994,-0.03119846069268528,0.10314333837747637,-0.09928443649373886
2012-03-20,1405.5,1409.6,1409.6,1397.7,,-0.31,-0.0030500780252518123,-0.03415338097855669,0.10447049957931884,-0.1020316892409916
2012-03-21,1402.9,1405.5,1407.8,1400.6,,-0.18,-0.0018498754891497216,-0.03594007696536261,0.10510537358348071,-0.10369281880909786
2012-03-22,1392.8,1402.9,1402.9,1388.7,,-0.72,-0.007199372727920816,-0.04288070368333963,0.10813592659873625,-0.11014566828520322
2012-03-23,1397.1,1392.8,1399.2,1386.9,,0.31,0.003087306145893143,-0.03992578339746833,0.10779450426941731,-0.10739841553795049
2012-03-26,1416.5,1397.1,1416.6,1397.1,,1.39,0.013885906520650027,-0.026594282572839245,0.11644956263015221,-0.09500383337592644
2012-03-27,1412.5,1416.5,1419.2,1412.0,,-0.28,-0.002823861630780078,-0.02934304562946377,0.11753100310354511,-0.09755941732685924
2012-03-28,1405.5,1412.5,1413.7,1397.2,,-0.5,-0.004955752212389419,-0.03415338097855669,0.11944501843290739,-0.1020316892409916
2012-03-29,1403.3,1405.4,1405.4,1391.6,,-0.16,-0.00156527926004979,-0.035665200659700136,0.11796509515241248,-0.1034372604140047
2012-03-30,1408.5,1403.3,1410.9,1401.4,,0.37,0.0037055512007411195,-0.032091808686088186,0.11700374449018353,-0.10011500127779205
2012-04-02,1419.0,1408.5,1422.4,1404.5,,0.75,0.007454739084131967,-0.024876305662448917,0.11773003416708702,-0.09340659340659341
2012-04-03,1413.4,1419.0,1419.0,1404.6,,-0.39,-0.003946441155743385,-0.02872457394172312,0.11777616676051081,-0.09698441093789922
2012-04-04,1399.0,1413.1,1413.1,1394.1,,-1.02,-0.010188198669874082,-0.038620120945571434,0.10947644304052696,-0.10618451316125732
2012-04-05,1398.1,1398.8,1401.6,1392.9,,-0.06,-0.0006433166547534785,-0.039238592633312086,0.10832769608849799,-0.10675951955021734
2012-04-09,1382.2,1397.5,1397.5,1378.2,,-1.14,-0.011372577068879064,-0.05016492578339449,0.11283102431293714,-0.1169179657551751
2012-04-10,1358.6,1382.2,1383.0,1357.4,,-1.71,-0.017074229489220216,-0.06638262781747928,0.12761304657363556,-0.13199591106567854
2012-04-11,1368.7,1359.0,1374.7,1359.0,,0.74,0.0074341233622847724,-0.05944200109950226,0.13047016998762076,-0.12554306158957318
2012-04-12,1387.6,1368.8,1388.1,1368.8,,1.38,0.013808723606341777,-0.046454095656951355,0.12350094332663449,-0.11346792742141587
2012-04-13,1370.3,1387.6,1387.6,1369.8,,-1.25,-0.012467569904871634,-0.05834249587685236,0.13054931246134452,-0.12452082800920017
2012-04-16,1369.6,1370.3,1379.7,1365.4,,-0.05,-0.0005108370429832698,-0.05882352941176161,0.12823995307593702,-0.12496805520061338
2012-04-17,1390.8,1369.6,1392.8,1369.6,,1.55,0.015478971962616939,-0.04425508521165156,0.14043811259897393,-0.11142346026066963
2012-04-18,1385.1,1390.8,1390.8,1383.3,,-0.41,-0.004098360655737765,-0.04817207256734157,0.14003370648425328,-0.1150651673907489
2012-04-19,1376.9,1385.1,1390.5,1370.3,,-0.59,-0.005920150169662741,-0.053807036833421806,0.1409635201486316,-0.12030411449016098
2012-04-20,1378.5,1377.0,1387.4,1377.0,,0.12,0.0011620306485582432,-0.05270753161077213,0.14110488109311523,-0.11928188090978786
2012-04-23,1366.9,1378.5,1378.5,1358.8,,-0.84,-0.008414943779470385,-0.06067894447498323,0.14186057201858773,-0.12669307436749289
2012-04-24,1372.0,1367.0,1375.6,1366.8,,0.37,0.0037310703050696947,-0.057174271577787095,0.14210333433564404,-0.1234347048300537
2012-04-25,1390.7,1372.1,1391.4,1372.1,,1.36,0.013629737609329506,-0.04432380428806737,0.14177157999791495,-0.11148734985944286
2012-04-26,1400.0,1390.6,1402.1,1387.3,,0.67,0.006687279787157552,-0.0379329301814153,0.1439045002984926,-0.10554561717352418
2012-04-27,1403.4,1400.2,1406.6,1397.3,,0.24,0.0024285714285714466,-0.035596481583284434,0.1432205375768584,-0.10337337081523124
2012-04-30,1397.9,1403.3,1403.3,1394.0,,-0.39,-0.00391905372666379,-0.03937603078614316,0.14376900345962276,-0.10688729874776381
2012-05-01,1405.8,1397.9,1415.3,1395.7,,0.57,0.00565133414407315,-0.03394722374930981,0.14458126596604953,-0.10184002044467166
2012-05-02,1402.3,1405.5,1405.5,1393.9,,-0.25,-0.002489685588277113,-0.03635239142385627,0.14215938600288378,-0.10407615640173784
2012-05-03,1391.6,1402.3,1403.1,1388.7,,-0.76,-0.0076303216144905095,-0.04370533260032694,0.14383925195956362,-0.11091234347048307
2012-05-04,1369.1,1391.5,1391.5,1368.0,,-1.62,-0.01616843920666855,-0.0591671247938399,0.15016209890743668,-0.12528750319448
2012-05-07,1369.6,1368.8,1373.9,1363.9,,0.04,0.00036520341830392766,-0.05882352941176194,0.15023168900921255,-0.12496805520061338
2012-05-08,1363.7,1369.2,1369.2,1347.8,,-0.43,-0.004307827102803641,-0.06287795492028303,0.1459819438728305,-0.12873754152823924
2012-05-09,1354.6,1363.2,1363.7,1343.1,,-0.67,-0.006673021925643563,-0.06913139087410392,0.1352449118265939,-0.13455149501661134
2012-05-10,1358.0,1354.6,1365.9,1354.6,,0.25,0.0025099660416358915,-0.06679494227597305,0.1328402282518842,-0.1323792486583184
2012-05-11,1353.4,1358.1,1365.7,1348.9,,-0.34,-0.0033873343151693547,-0.06995601979109123,0.1227339025351305,-0.13531817020189107
2012-05-14,1338.3,1351.9,1351.9,1336.6,,-1.12,-0.011157085857839588,-0.0803326003298489,0.12128796184575497,-0.1449654996166625
2012-05-15,1330.7,1338.4,1344.9,1328.4,,-0.57,-0.005678846297541562,-0.08555525013743537,0.1222904605004938,-0.14982110912343471
2012-05-16,1324.8,1330.8,1341.8,1324.8,,-0.44,-0.00443375666942214,-0.08960967564595657,0.106169343928392,-0.15359059545106057
2012-05-17,1304.9,1324.8,1326.4,1304.9,,-1.5,-0.01502113526570037,-0.10328477185266349,0.11489587564181011,-0.16630462560695114
2012-05-18,1295.2,1305.0,1312.2,1292.0,,-0.74,-0.007433519809947109,-0.10995052226497792,0.11552968997467797,-0.17250191668796322
2012-05-21,1316.0,1295.7,1316.4,1295.7,,1.61,0.016059295861643008,-0.09565695437053034,0.13239683492455848,-0.15921288014311274
2012-05-22,1316.6,1316.1,1328.5,1310.0,,0.05,0.0004559270516717451,-0.09524463991203669,0.13068311513474423,-0.15882954255047288
2012-05-23,1318.9,1316.0,1320.7,1296.5,,0.17,0.0017469238948808474,-0.09366410115447754,0.12981212227065034,-0.15736008177868643
2012-05-24,1320.7,1318.7,1324.1,1310.5,,0.14,0.0013647736750321826,-0.09242715777899657,0.11778432122581248,-0.15621006900076662
2012-05-25,1317.8,1320.8,1324.2,1314.2,,-0.22,-0.0021958052547892404,-0.09442001099504949,0.113044732301874,-0.15806286736519304
2012-05-29,1332.4,1318.9,1334.9,1318.9,,1.11,0.01107907117923812,-0.08438702583836999,0.1217720714977426,-0.14873498594428824
2012-05-30,1313.3,1331.2,1331.2,1310.8,,-1.43,-0.014335034524167067,-0.0975123694337523,0.12852347493772778,-0.16093789930999236
2012-05-31,1310.3,1313.1,1319.7,1298.9,,-0.23,-0.0022843219371050383,-0.0995739417262207,0.1247255976885917,-0.16285458727319202
2012-06-01,1278.0,1309.9,1309.9,1277.2,,-2.47,-0.02465084331832401,-0.12177020340846367,0.14487571325421028,-0.18349092767697417
2012-06-04,1278.2,1278.3,1282.5,1266.7,,0.02,0.00015649452269173025,-0.12163276525563238,0.14517877953360614,-0.18336314847942758
2012-06-05,1285.5,1277.8,1287.6,1274.2,,0.57,0.0057111563135658905,-0.11661627267729269,0.14181655970247276,-0.1786992077689752
2012-06-06,1315.1,1285.6,1315.1,1285.6,,2.3,0.023026059898871853,-0.09627542605827133,0.16784400994243842,-0.15978788653207265
2012-06-07,1315.0,1316.2,1329.0,1312.7,,-0.01,-7.603984487869475e-05,-0.09634414513468692,0.16771238426506083,-0.1598517761308459
2012-06-08,1325.7,1315.0,1325.8,1307.8,,0.81,0.008136882129277545,-0.08899120395821636,0.16998494356502705,-0.15301558906210067
2012-06-11,1308.9,1325.7,1335.5,1307.7,,-1.27,-0.012672550350758094,-0.10053600879603941,0.17415187760912232,-0.16374904165601833
2012-06-12,1324.2,1309.4,1324.3,1306.6,,1.17,0.011689204675681797,-0.09002199010445067,0.1800373244823525,-0.15397393304370044
2012-06-13,1314.9,1324.0,1327.3,1310.5,,-0.7,-0.007023108291798752,-0.09641286421110262,0.17764563980126277,-0.15991566572961924
2012-06-14,1329.1,1314.9,1333.7,1314.1,,1.08,0.010799300327021033,-0.0866547553600856,0.18105818484113786,-0.15084334270380795
2012-06-15,1342.8,1329.2,1343.3,1329.2,,1.03,0.010307727033330938,-0.07724024189114653,0.1836871681518616,-0.14209046767186306
2012-06-18,1344.8,1342.4,1348.2,1334.5,,0.15,0.0014894250819184052,-0.07586586036283427,0.17455183862668971,-0.14081267569639666
2012-06-19,1358.0,1344.8,1363.5,1344.8,,0.98,0.009815585960737616,-0.06679494227597338,0.17366233955406088,-0.1323792486583184
2012-06-20,1355.7,1358.0,1361.6,1346.5,,-0.17,-0.0016936671575846773,-0.06837548103353253,0.16670768975025432,-0.13384870943010474
2012-06-21,1325.5,1355.4,1358.3,1324.4,,-2.23,-0.02227631481891279,-0.08912864211104776,0.1859376316668469,-0.15314336825964736
2012-06-22,1335.0,1325.9,1337.8,1325.9,,0.72,0.007167106752169028,-0.08260032985156451,0.1873797538272467,-0.14707385637618198
2012-06-25,1313.7,1334.9,1334.9,1309.3,,-1.6,-0.015955056179775218,-0.09723749312809005,0.19595033118280622,-0.16068234091489908
2012-06-26,1320.0,1314.1,1324.2,1310.3,,0.48,0.004795615437314327,-0.09290819131390649,0.19654001954386344,-0.15665729619217994
2012-06-27,1331.8,1320.7,1334.4,1320.7,,0.89,0.008939393939393803,-0.08479934029686431,0.19517625217640652,-0.14911832353692822
2012-06-28,1329.0,1331.5,1331.5,1313.3,,-0.21,-0.0021024177804475075,-0.08672347443650152,0.18829446064609484,-0.15090723230258118
2012-06-29,1362.2,1330.1,1362.2,1330.1,,2.5,0.024981188863807402,-0.0639087410665179,0.20584221769096875,-0.12969588550983902
2012-07-02,1365.5,1362.3,1366.3,1355.7,,0.24,0.002422551754514668,-0.061641011544802726,0.18174359122359196,-0.12758752875031942
2012-07-03,1374.0,1365.8,1374.8,1363.5,,0.62,0.006224826071036249,-0.05579989004947561,0.18167007591180825,-0.1221569128545873
2012-07-05,1367.6,1373.7,1373.8,1363.0,,-0.47,-0.004657933042212625,-0.06019791094007498,0.1836274196360019,-0.12624584717607978
2012-07-06,1354.7,1367.1,1367.1,1348.0,,-0.94,-0.009432582626498931,-0.06906267179768899,0.17318913326571345,-0.134487605417838
2012-07-09,1352.5,1354.7,1354.9,1346.7,,-0.16,-0.0016239757879973338,-0.07057449147883244,0.17344611273742397,-0.13589317659085098
2012-07-10,1341.5,1353.0,1361.5,1336.3,,-0.81,-0.008133086876155216,-0.07813358988454988,0.17463278659114853,-0.14292103245591625
2012-07-11,1341.5,1341.4,1345.0,1333.2,,0.0,0.0,-0.07813358988454988,0.16786349384496155,-0.14292103245591625
2012-07-12,1334.8,1341.3,1341.3,1325.4,,-0.5,-0.004994409243384346,-0.08273776800439603,0.16467850245961974,-0.14720163557372867
2012-07-13,1356.8,1334.8,1357.7,1334.8,,1.65,0.016481869943062666,-0.06761957119296114,0.17127049530496585,-0.13314592384359836
2012-07-16,1353.6,1356.5,1357.3,1348.5,,-0.24,-0.002358490566037763,-0.06981858163826082,0.16835778660972187,-0.1351903910043446
2012-07-17,1363.7,1353.7,1365.4,1345.1,,0.75,0.007461583924349924,-0.06287795492028381,0.16663883326922307,-0.12873754152823924
2012-07-18,1372.8,1363.6,1375.3,1359.0,,0.67,0.006673021925643452,-0.05662451896646303,0.16787656679911914,-0.12292358803986714
2012-07-19,1376.5,1373.0,1380.4,1371.2,,0.27,0.002695221445221385,-0.05408191313908539,0.16497092664765972,-0.12055967288525427
2012-07-20,1362.7,1376.5,1376.5,1362.2,,-1.0,-0.010025426807119486,-0.06356514568443994,0.16896788175405725,-0.1293764375159724
2012-07-23,1350.5,1362.3,1362.3,1337.6,,-0.9,-0.008952814265795861,-0.07194887300714481,0.15198869102587526,-0.13717096856631739
2012-07-24,1338.3,1350.5,1351.5,1329.2,,-0.9,-0.00903369122547204,-0.08033260032984957,0.15396516399600516,-0.1449654996166625
2012-07-25,1337.9,1338.3,1344.0,1331.5,,-0.03,-0.00029888664723898284,-0.08060747663551193,0.14243540788061157,-0.14522105801175567
2012-07-26,1360.0,1338.2,1363.1,1338.2,,1.65,0.016518424396442022,-0.06542056074766156,0.15193908685477314,-0.131101456682852
2012-07-27,1386.0,1360.0,1389.2,1360.0,,1.91,0.01911764705882346,-0.047553600879602254,0.16200473354795447,-0.11449016100178888
2012-07-30,1385.3,1385.9,1391.7,1381.4,,-0.05,-0.0005050505050505638,-0.04803463441451161,0.1615951851335605,-0.1149373881932022
2012-07-31,1379.3,1385.3,1387.2,1379.2,,-0.43,-0.004331191799610168,-0.0521577789994484,0.13952680279248622,-0.11877076411960141
2012-08-01,1375.1,1379.3,1385.0,1373.3,,-0.3,-0.003045022837671274,-0.05504398020890411,0.13992710151964904,-0.1214541272680808
2012-08-02,1365.0,1375.1,1375.1,1354.7,,-0.73,-0.007344920369427577,-0.0619846069268809,0.1406673771560292,-0.12790697674418605
2012-08-03,1391.0,1365.5,1394.2,1365.5,,1.9,0.01904761904761898,-0.044117647058821596,0.15463793777115292,-0.11129568106312293
2012-08-06,1394.2,1391.0,1399.6,1391.0,,0.23,0.002300503235082685,-0.04191863661352202,0.15007884113427852,-0.10925121390237669
2012-08-07,1401.3,1394.5,1407.1,1394.5,,0.51,0.0050925261798879795,-0.03703958218801362,0.15017044806044919,-0.1047150523894711
2012-08-08,1402.2,1401.2,1404.1,1396.1,,0.06,0.0006422607578677741,-0.03642111050027308,0.14592381686300257,-0.10414004600051108
2012-08-09,1402.8,1402.3,1406.0,1398.8,,0.04,0.00042789901583217826,-0.036008796041779534,0.14585190662976974,-0.10375670840787121
2012-08-10,1405.9,1402.6,1406.0,1395.6,,0.22,0.002209865982321091,-0.03387850467289555,0.14350932668365388,-0.1017761308458982
2012-08-13,1404.1,1405.9,1405.9,1397.3,,-0.13,-0.0012803186570881087,-0.03511544804837674,0.13464138947176688,-0.10292614362381813
2012-08-14,1403.9,1404.4,1410.0,1400.6,,-0.01,-0.00014243999715102262,-0.03525288620120781,0.1340239639722739,-0.10305392282136461
2012-08-15,1405.5,1403.9,1407.7,1401.8,,0.11,0.0011396823135549905,-0.034153380978558134,0.1324224830153725,-0.1020316892409916
2012-08-16,1415.5,1406.6,1417.4,1404.2,,0.71,0.007114905727499066,-0.02728147333699682,0.13264982750454363,-0.09564272936365958
2012-08-17,1418.2,1415.8,1418.7,1414.7,,0.19,0.0019074531967502306,-0.02542605827377531,0.13258790141940344,-0.09391771019677997
2012-08-20,1418.1,1417.8,1418.1,1412.1,,-0.01,-7.051191651397115e-05,-0.02549477735019101,0.12605032079282974,-0.09398159979555332
2012-08-21,1413.2,1418.1,1426.7,1410.9,,-0.35,-0.0034553275509483505,-0.028862012094555967,0.12142400443819837,-0.09711219013544592
2012-08-22,1413.5,1413.1,1416.1,1406.8,,0.02,0.00021228417775254194,-0.028655854865309194,0.11469221311606927,-0.09692052133912599
2012-08-23,1402.1,1413.5,1413.5,1400.5,,-0.81,-0.008065086664308496,-0.036489829576689115,0.12021452788356084,-0.10420393559928454
2012-08-24,1411.1,1402.0,1413.5,1398.0,,0.64,0.006418943014050438,-0.03030511269928382,0.109758996474388,-0.09845387170968578
2012-08-27,1410.4,1411.1,1416.2,1409.1,,-0.05,-0.0004960668981643934,-0.030786146234192957,0.08996823917460245,-0.09890109890109888
2012-08-28,1409.3,1410.4,1413.6,1405.6,,-0.08,-0.0007799205899036155,-0.03154205607476479,0.0900252910004525,-0.09960388448760549
2012-08-29,1410.5,1409.3,1414.0,1406.6,,0.09,0.0008514865536082272,-0.030717427157777366,0.08804743238362425,-0.09883720930232565
2012-08-30,1399.5,1410.1,1410.1,1397.0,,-0.78,-0.0077986529599433085,-0.03827652556349481,0.09229133270206401,-0.1058650651673908
2012-08-31,1406.6,1400.1,1413.1,1399.0,,0.51,0.005073240443015381,-0.0333974711379863,0.08833173202140891,-0.1013289036544851
2012-09-04,1404.9,1406.5,1409.3,1396.6,,-0.12,-0.0012085880847432229,-0.03456569543705157,0.061163894762735975,-0.10241502683363146
2012-09-05,1403.4,1404.9,1408.8,1401.2,,-0.11,-0.0010676916506512368,-0.035596481583285766,0.061013886947590794,-0.10337337081523124
2012-09-06,1432.1,1403.4,1432.1,1403.4,,2.05,0.020450334900954603,-0.01587410665200506,0.0916514051390557,-0.08503705596728861
2012-09-07,1437.9,1432.1,1437.9,1431.5,,0.41,0.00404999650862381,-0.011888400219899342,0.09221810786470355,-0.08133145923843599
2012-09-10,1429.1,1437.9,1438.7,1429.0,,-0.61,-0.006120036163850151,-0.017935678944473343,0.09564715394312312,-0.08695374393048816
2012-09-11,1433.6,1429.1,1437.8,1429.1,,0.31,0.0031488349310755392,-0.014843320505770752,0.09586398181304646,-0.08407871198568884
2012-09-12,1436.6,1433.6,1439.2,1433.0,,0.21,0.002092633928571397,-0.012781748213302357,0.09558830637473059,-0.08216202402248918
2012-09-13,1460.0,1436.6,1463.8,1435.3,,1.63,0.016288458861200228,0.0032985156679512517,0.10890045480146207,-0.06721185790953232
2012-09-14,1465.8,1460.1,1474.5,1460.1,,0.4,0.003972602739725994,0.0072842221000568586,0.10909657085002607,-0.06350626118067981
2012-09-17,1461.2,1465.4,1465.6,1457.5,,-0.31,-0.0031382180379314617,0.004123144584938787,0.10885029531375402,-0.06644518272425248
2012-09-18,1459.3,1461.2,1461.5,1456.1,,-0.13,-0.0013003011223652328,0.002817482133042004,0.10927888915387803,-0.06765908510094565
2012-09-19,1461.0,1459.5,1465.2,1457.9,,0.12,0.001164942095525312,0.003985706432107383,0.10915546754003085,-0.06657296192179918
2012-09-20,1460.3,1461.0,1461.2,1450.0,,-0.05,-0.0004791238877481785,0.0035046728971981356,0.10795307300680908,-0.06702018911321239
2012-09-21,1460.2,1460.3,1467.1,1459.5,,-0.01,-6.84790796411372e-05,0.0034359538207826557,0.10800240351039149,-0.06708407871198574
2012-09-24,1456.9,1459.8,1460.7,1452.1,,-0.23,-0.0022599643884398946,0.0011682242990673775,0.10324374080114923,-0.06919243547150522
2012-09-25,1441.6,1456.9,1463.2,1441.6,,-1.05,-0.010501750291715406,-0.00934579439252159,0.11020733195923685,-0.07896754408382323
2012-09-26,1433.3,1441.6,1441.6,1430.5,,-0.58,-0.00575749167591566,-0.015049477735017525,0.11261316089890723,-0.08427038078200877
2012-09-27,1447.2,1433.4,1450.2,1433.4,,0.97,0.00969789995116166,-0.005497526113247275,0.11655186232948458,-0.0753897265525173
2012-09-28,1440.7,1447.1,1447.1,1435.6,,-0.45,-0.004491431730237694,-0.00996426608026213,0.11826217021675224,-0.07954255047278302
2012-10-01,1444.5,1440.9,1457.1,1440.9,,0.26,0.002637606718955965,-0.007352941176468897,0.11388405794840123,-0.07711474571939692
2012-10-02,1445.8,1445.0,1451.5,1439.0,,0.09,0.0008999653859467216,-0.0064595931830658815,0.11316452996704837,-0.07628418093534384
2012-10-03,1451.0,1446.0,1454.3,1442.0,,0.36,0.0035966247060450485,-0.0028862012094540423,0.11302843951642358,-0.07296192179913108
2012-10-04,1461.4,1451.1,1463.1,1451.1,,0.72,0.007167470709855239,0.004260582737769747,0.11420762125089232,-0.06631740352670579
2012-10-05,1460.9,1461.4,1471.0,1456.9,,-0.03,-0.0003421376762009487,0.003916987355691681,0.09241313214922009,-0.06663685152057242
2012-10-08,1455.9,1460.9,1460.9,1453.1,,-0.34,-0.0034225477445409824,0.00048103353491102396,0.0928938225972846,-0.06983133145923837
2012-10-09,1441.5,1455.9,1455.9,1441.2,,-0.99,-0.00989078920255515,-0.009414513468937291,0.09715597094659159,-0.07903143368259646
2012-10-10,1432.6,1441.5,1442.5,1430.6,,-0.62,-0.006174124176205442,-0.015530511269926994,0.09921373043405975,-0.08471760797342198
2012-10-11,1432.8,1432.8,1443.9,1432.8,,0.01,0.0001396063102052647,-0.015393073117095701,0.09892129304975561,-0.0845898287758754
2012-10-12,1428.6,1432.8,1438.4,1425.5,,-0.29,-0.002931323283082099,-0.01827927432655152,0.07922716283774096,-0.08727319192435479
2012-10-15,1440.1,1428.8,1441.3,1427.2,,0.8,0.008049839003219983,-0.010376580538756008,0.08360442333731459,-0.079925888065423
2012-10-16,1454.9,1440.3,1455.5,1440.3,,1.03,0.010277064092771404,-0.0002061572292452185,0.09147997708883333,-0.07047022744697162
2012-10-17,1460.9,1454.2,1462.2,1453.3,,0.41,0.004123994776273232,0.003916987355691459,0.09257365907358134,-0.06663685152057242
2012-10-18,1457.3,1460.9,1464.0,1452.6,,-0.25,-0.002464234376069685,0.0014431006047292971,0.09288512526635805,-0.06893687707641205
2012-10-19,1433.2,1457.3,1457.3,1429.8,,-1.65,-0.016537432237699767,-0.015118196811433338,0.10896650466530594,-0.084334270380782
2012-10-22,1433.8,1433.2,1435.5,1422.1,,0.04,0.0004186435947528544,-0.014705882352939792,0.10902465284723942,-0.08395093278814214
2012-10-23,1413.1,1433.7,1433.7,1407.6,,-1.44,-0.014437159994420412,-0.02893073117097167,0.11874216791195157,-0.09717607973421938
2012-10-24,1408.8,1413.2,1420.0,1407.1,,-0.3,-0.003042955204868747,-0.03188565145684308,0.11428637115706729,-0.09992333248147212
2012-10-25,1413.0,1409.7,1421.1,1405.1,,0.3,0.002981260647359596,-0.02899945024738715,0.11377889195914823,-0.09723996933299262
2012-10-26,1411.9,1413.0,1417.1,1403.3,,-0.08,-0.0007784854918612139,-0.02975536008795887,0.10737603040940577,-0.09794275491949911
2012-10-31,1412.2,1411.0,1418.8,1406.0,,0.02,0.0002124796373681459,-0.029549202858711987,0.10676817396106555,-0.09775108612317918
2012-11-01,1427.6,1412.2,1428.3,1412.2,,1.09,0.010904970967285044,-0.01896646509070765,0.1138541551870955,-0.08791208791208804
2012-11-02,1414.2,1427.6,1434.3,1412.9,,-0.94,-0.009386382740263266,-0.028174821330399724,0.11772991998755356,-0.09647329414771277
2012-11-05,1417.3,1414.0,1419.9,1408.1,,0.22,0.0021920520435581015,-0.02604452996151585,0.11713413926851048,-0.09449271658573988
2012-11-06,1428.4,1417.3,1433.4,1417.3,,0.78,0.007831792845551577,-0.01841671247938259,0.11774540381090995,-0.08740097112190137
2012-11-07,1394.5,1428.3,1428.3,1388.1,,-2.37,-0.02373284794175312,-0.04171247938427558,0.14144220598641236,-0.10905954510605675
2012-11-08,1377.5,1394.5,1401.2,1377.5,,-1.22,-0.012190749372534948,-0.053394722374929815,0.14561668539655043,-0.11992077689752112
2012-11-09,1379.8,1377.5,1391.4,1373.0,,0.17,0.0016696914700544685,-0.05181418361737067,0.14381126834712776,-0.11845131612573478
2012-11-12,1380.0,1379.9,1384.9,1377.2,,0.01,0.0001449485432671871,-0.051676745464539375,0.14318794852902791,-0.11832353692818809
2012-11-13,1374.5,1380.0,1388.8,1371.4,,-0.4,-0.003985507246376807,-0.0554562946673981,0.1432184398645588,-0.12183746486072067
2012-11-14,1355.5,1374.6,1380.1,1352.5,,-1.38,-0.013823208439432522,-0.0685129191863646,0.14902346524077367,-0.13397648862765144
2012-11-15,1353.3,1355.4,1360.6,1348.0,,-0.16,-0.0016230173367761669,-0.07002473886750815,0.1441178188957374,-0.13538205980066453
2012-11-16,1359.9,1353.4,1362.0,1343.3,,0.49,0.004876967412990485,-0.0654892798240777,0.13901249978971206,-0.13116534628162535
2012-11-19,1386.9,1359.9,1386.9,1359.9,,1.99,0.01985440105890146,-0.04693512919186216,0.1587029533945147,-0.11391515461282897
2012-11-20,1387.8,1386.8,1389.8,1377.0,,0.06,0.0006489292667097857,-0.04631665750412173,0.1590591482970516,-0.11334014822386917
2012-11-21,1391.0,1387.8,1391.2,1386.4,,0.23,0.0023058077532787102,-0.04411764705882193,0.150959318101449,-0.11129568106312293
2012-11-23,1409.2,1391.0,1409.2,1391.0,,1.31,0.013084112149532645,-0.03161077515118038,0.15902021509530423,-0.09966777408637872
2012-11-26,1406.3,1409.2,1409.2,1397.7,,-0.21,-0.0020579051944366045,-0.033603628367233185,0.15121057054191264,-0.10152057245080504
2012-11-27,1398.9,1406.3,1409.0,1398.0,,-0.53,-0.005262035127639786,-0.03868884002198847,0.15193245648816336,-0.10624840276003067
2012-11-28,1409.9,1398.8,1410.3,1385.4,,0.79,0.007863321180927807,-0.031129741616271134,0.15418233436424436,-0.09922054689496551
2012-11-29,1416.0,1410.0,1419.7,1409.0,,0.43,0.004326547982126394,-0.026937877954918754,0.15489493391109754,-0.09532328136979307
2012-11-30,1416.2,1416.0,1418.9,1411.6,,0.01,0.00014124293785311437,-0.026800439802087572,0.1548949627921579,-0.09519550217224637
2012-12-03,1409.5,1416.3,1423.7,1408.5,,-0.47,-0.004730970201948903,-0.03140461792193372,0.15066647192822605,-0.09947610529005879
2012-12-04,1407.0,1409.5,1413.1,1403.7,,-0.18,-0.0017736786094360024,-0.03312259483232405,0.14732080039595932,-0.10107334525939182
2012-12-05,1409.3,1407.0,1415.6,1398.2,,0.16,0.0016346837242360301,-0.0315420560747649,0.1472192966881344,-0.09960388448760549
2012-12-06,1413.9,1409.4,1414.0,1405.9,,0.33,0.0032640317888315007,-0.028380978559646497,0.14490030864778713,-0.0966649629440327
2012-12-07,1418.1,1414.0,1420.3,1410.9,,0.3,0.0029705071079990653,-0.02549477735019079,0.11782450233184584,-0.09398159979555332
2012-12-10,1418.5,1418.1,1421.6,1415.6,,0.03,0.00028206755517956594,-0.025219901044528203,0.10797326438074549,-0.09372604140046004
2012-12-11,1427.8,1418.5,1434.3,1418.5,,0.66,0.006556221360592085,-0.018829026937876248,0.10943292100024127,-0.08778430871454135
2012-12-12,1428.5,1427.8,1438.6,1426.8,,0.05,0.0004902647429612106,-0.018347993402967,0.10937951608225761,-0.08733708152312802
2012-12-13,1419.5,1428.5,1431.4,1416.0,,-0.63,-0.00630031501575079,-0.024532710280372183,0.11116657116067363,-0.09308714541272678
2012-12-14,1413.6,1419.5,1419.5,1411.9,,-0.42,-0.004156393096160671,-0.02858713578889338,0.09865261599082535,-0.09685663174035275
2012-12-17,1430.4,1413.5,1430.7,1413.5,,1.19,0.011884550084889867,-0.017042330951070217,0.10335448980766876,-0.08612317914643497
2012-12-18,1446.8,1430.5,1448.0,1430.5,,1.15,0.011465324384787312,-0.005772402418909861,0.10756750715912596,-0.07564528494761058
2012-12-19,1435.8,1446.8,1447.8,1435.8,,-0.76,-0.007602985899917036,-0.013331500824627307,0.09454567460536185,-0.08267314081267574
2012-12-20,1443.7,1435.8,1443.7,1432.8,,0.55,0.005502159075080115,-0.007902693787793846,0.0953774913612771,-0.07762586250958348
2012-12-21,1430.2,1443.7,1443.7,1422.6,,-0.94,-0.0093509731938769,-0.01717976910390162,0.10299532979412915,-0.08625095834398155
2012-12-24,1426.7,1430.2,1430.2,1424.7,,-0.24,-0.002447210180394399,-0.01958493677844808,0.09438143238716845,-0.08848709430104784
2012-12-26,1419.8,1426.7,1429.4,1416.4,,-0.48,-0.004836335599635588,-0.02432655305112541,0.09584840230032156,-0.09289547661640696
2012-12-27,1418.1,1419.8,1422.8,1401.8,,-0.12,-0.001197351739681718,-0.0254947773501909,0.09379658603837318,-0.09398159979555332
2012-12-28,1402.4,1418.1,1418.1,1401.6,,-1.11,-0.011071151540793855,-0.03628367234744201,0.09831453990492049,-0.10401226680296449
2012-12-31,1426.2,1402.4,1426.7,1398.1,,1.7,0.016970907016543135,-0.019928532160526036,0.11418411621193486,-0.08880654229491436
2013-01-02,1462.4,1426.2,1462.4,1426.2,,2.54,0.0253821343430094,0.004947773501925878,0.14331790512019282,-0.06567850753897264
2013-01-03,1459.4,1462.4,1465.5,1455.5,,-0.21,-0.0020514223194748604,0.002886201209457484,0.14212959612242607,-0.06759519550217219
2013-01-04,1466.5,1459.4,1467.9,1459.0,,0.49,0.004865013019048847,0.007765255634965884,0.14194800641193556,-0.0630590339892666
2013-01-07,1461.9,1466.5,1466.5,1456.6,,-0.31,-0.0031367200818274155,0.004604178119847813,0.14306575484563047,-0.06599795553283927
2013-01-08,1457.2,1461.9,1461.9,1451.6,,-0.32,-0.003214994185648856,0.0013743815283140393,0.1439793007571692,-0.06900076667518529
2013-01-09,1461.0,1457.2,1464.7,1457.2,,0.26,0.0026077408729068274,0.003985706432107161,0.143937344234822,-0.06657296192179918
2013-01-10,1472.1,1464.6,1472.3,1461.0,,0.76,0.007597535934291466,0.011613523914240087,0.14540691628808677,-0.059481216457960784
2013-01-11,1472.0,1472.1,1472.8,1467.6,,-0.01,-6.793016778749994e-05,0.011544804837824385,0.1444888039610773,-0.05954510605673402
2013-01-14,1470.7,1472.0,1472.0,1465.7,,-0.09,-0.0008831521739129933,0.01065145684442137,0.1446869713177643,-0.0603756708407871
2013-01-15,1472.3,1470.7,1473.3,1463.8,,0.11,0.0010879173182838375,0.011750962067071269,0.14195326404126282,-0.05935343726041409
2013-01-16,1472.6,1472.3,1474.0,1467.6,,0.02,0.00020376282007750213,0.011957119296318153,0.14045201462346887,-0.059161768464094155
2013-01-17,1480.9,1472.6,1485.2,1472.6,,0.56,0.005636289555887686,0.017660802638814088,0.13651621120012128,-0.0538589317659085
2013-01-18,1486.0,1481.0,1486.0,1475.8,,0.34,0.0034438517117967304,0.021165475536010225,0.13203221807950713,-0.050600562228469204
2013-01-22,1492.6,1486.0,1492.6,1481.2,,0.44,0.004441453566621734,0.02570093457944056,0.12833204737656212,-0.04638384870943024
2013-01-23,1494.8,1492.6,1496.1,1489.9,,0.15,0.001473938094600058,0.027212754260584004,0.1276563783019392,-0.044978277536417144
2013-01-24,1494.8,1494.8,1502.3,1489.5,,0.0,0.0,0.027212754260584004,0.12142531128853946,-0.044978277536417144
2013-01-25,1503.0,1494.8,1503.3,1494.8,,0.55,0.005485683703505551,0.03284771852666424,0.1207623436526065,-0.03973933043700484
2013-01-28,1500.2,1503.0,1503.2,1496.3,,-0.19,-0.001862940785096412,0.030923584387027025,0.11890787191929199,-0.0415282392026578
2013-01-29,1507.8,1500.2,1509.3,1498.1,,0.51,0.005065991201173015,0.03614623419461349,0.11833059128683324,-0.036672629695885584
2013-01-30,1502.0,1507.8,1509.9,1500.1,,-0.38,-0.003846664013794854,0.032160527762508107,0.10988899044220365,-0.040378226424738095
2013-01-31,1498.1,1502.0,1504.2,1496.8,,-0.26,-0.0025965379494008456,0.02948048378229906,0.09963284759054894,-0.04286992077689755
2013-02-01,1513.2,1498.1,1514.4,1498.1,,1.01,0.010079433949669703,0.039857064321056734,0.0621296877496393,-0.03322259136212624
2013-02-04,1495.7,1513.2,1513.2,1495.0,,-1.16,-0.011564895585514101,0.027831225948324434,0.07635362640487788,-0.044403271147457235
2013-02-05,1511.3,1495.7,1515.0,1495.7,,1.04,0.010429899043925772,0.03855140186915995,0.08196357593368929,-0.03443649373881941
2013-02-06,1512.1,1511.3,1512.5,1504.7,,0.05,0.0005293455965063032,0.0391011544804849,0.08034845482794553,-0.033925376948632846
2013-02-07,1509.4,1512.1,1512.9,1498.5,,-0.18,-0.0017855961907280449,0.03724573941726339,0.07941150863810713,-0.03565039611551235
2013-02-08,1517.9,1509.4,1518.3,1509.4,,0.56,0.00563137670597591,0.04308686091259051,0.08053494888553747,-0.030219780219780223
2013-02-11,1517.0,1517.9,1518.3,1513.6,,-0.06,-0.0005929244350748597,0.042468389224849856,0.07810979709102338,-0.030794786608740132
2013-02-12,1519.4,1517.0,1522.3,1515.6,,0.16,0.001582069874752845,0.044117647058824705,0.07791646441795681,-0.02926143623818045
2013-02-13,1520.3,1519.4,1524.7,1515.9,,0.06,0.0005923390812161422,0.044736118746565134,0.07750920969245739,-0.02868642984922065
2013-02-14,1521.4,1520.3,1523.1,1514.0,,0.07,0.0007235414063013756,0.04549202858713697,0.0775493406400592,-0.027983644262714047
2013-02-15,1519.8,1521.4,1524.2,1514.1,,-0.11,-0.0010516629420271872,0.04439252336448707,0.07794989678540541,-0.02900587784308717
2013-02-19,1530.9,1519.8,1530.9,1519.8,,0.73,0.007303592577970974,0.05202034084662022,0.07926353177751903,-0.021914132379248663
2013-02-20,1512.0,1530.9,1530.9,1511.4,,-1.23,-0.012345679012345734,0.0390324354040692,0.0924040482385173,-0.03398926654740608
2013-02-21,1502.4,1512.0,1512.0,1497.3,,-0.63,-0.006349206349206327,0.03243540406817047,0.09464203389394198,-0.040122668029644704
2013-02-22,1515.6,1502.4,1515.6,1502.4,,0.88,0.0087859424920127,0.04150632215503136,0.09904412112922262,-0.03168924099156667
2013-02-25,1487.8,1515.6,1525.8,1487.8,,-1.83,-0.018342570599102603,0.022402418911491084,0.11899572520432938,-0.0494505494505495
2013-02-26,1496.9,1487.8,1499.0,1485.0,,0.61,0.006116413496437767,0.02865585486531197,0.11939461272637934,-0.04363659596217728
2013-02-27,1516.0,1496.9,1520.1,1494.9,,1.28,0.012759703386999721,0.04178119846069395,0.1272629201812314,-0.03143368259647328
2013-02-28,1514.7,1516.0,1525.3,1514.5,,-0.09,-0.0008575197889181263,0.040887850467291154,0.12625278105351637,-0.03226424738052647
2013-03-01,1518.2,1514.7,1520.0,1501.5,,0.23,0.0023106885851984504,0.043293018141837614,0.1255365566475686,-0.03002811142346029
2013-03-04,1525.2,1518.2,1525.3,1512.3,,0.46,0.004610723224871549,0.048103353490930534,0.12574951888855393,-0.025555839509327827
2013-03-05,1539.8,1525.2,1543.5,1525.2,,0.96,0.009572515079989463,0.05813633864760992,0.12529389440960853,-0.016227958088423255
2013-03-06,1541.5,1539.8,1545.2,1538.1,,0.11,0.0011040394856474123,0.0593045629466753,0.11686691145328681,-0.015141834909276786
2013-03-07,1544.3,1541.5,1545.8,1541.5,,0.18,0.0018164125851443114,0.06122869708631251,0.11225804471218603,-0.013352926143623822
2013-03-08,1551.2,1544.3,1552.5,1542.9,,0.45,0.004468043773878216,0.06597031335898995,0.11285411259998185,-0.008944543828264706
2013-03-11,1556.2,1551.2,1556.3,1547.4,,0.32,0.0032233109850439146,0.06940626717977061,0.11249507860579702,-0.0057500638895987555
2013-03-12,1552.5,1556.2,1556.8,1548.2,,-0.24,-0.0023775864284796278,0.06686366135239297,0.11219103444777008,-0.008113979044211628
2013-03-13,1554.5,1552.5,1556.4,1548.2,,0.13,0.0012882447665056862,0.06823804288070523,0.11202297910458821,-0.006836187068745225
2013-03-14,1563.2,1554.5,1563.3,1554.5,,0.56,0.00559665487294958,0.07421660252886375,0.11305966650215625,-0.0012777919754664024
2013-03-15,1560.7,1563.2,1563.6,1555.7,,-0.16,-0.0015992835209825973,0.07249862561847342,0.11350570042396389,-0.0028750319447994332
2013-03-18,1552.1,1560.7,1560.7,1545.1,,-0.55,-0.005510347920804848,0.0665887850467306,0.1159153640878223,-0.00836953743930502
2013-03-19,1548.3,1552.1,1557.2,1538.6,,-0.24,-0.002448295857225613,0.06397746014293748,0.1163236297036476,-0.010797342192691128
2013-03-20,1558.7,1548.3,1561.6,1548.3,,0.67,0.0067170445004198776,0.07112424409016138,0.11593456190218113,-0.004152823920265836
2013-03-21,1545.8,1558.7,1558.7,1543.5,,-0.83,-0.008276127542182654,0.06225948323254715,0.1108284225562231,-0.012394582162024048
2013-03-22,1556.9,1545.9,1557.7,1545.9,,0.72,0.0071807478328373975,0.0698873007146803,0.10930593432192946,-0.005302836698185542
2013-03-25,1551.7,1556.9,1564.9,1546.2,,-0.33,-0.0033399704541074993,0.06631390874106846,0.10748652031188642,-0.008625095834398189
2013-03-26,1563.8,1551.7,1564.0,1551.7,,0.78,0.007797899078429982,0.07462891698735752,0.08316857368451289,-0.0008944543828265372
2013-03-27,1562.8,1563.8,1564.1,1551.9,,-0.06,-0.0006394679626550159,0.07394172622320139,0.08264382720796629,-0.001533350370559683
2013-03-28,1569.2,1562.9,1570.3,1561.1,,0.41,0.00409521371896604,0.07833974711380076,0.07345803849319867,0.0
2013-04-01,1562.2,1569.2,1570.6,1558.5,,-0.45,-0.004460871781799658,0.07352941176470784,0.07602595479466108,-0.004460871781799658
2013-04-02,1570.2,1562.2,1573.7,1562.2,,0.51,0.005120983228779963,0.0790269378779569,0.07702843979497549,0.0
2013-04-03,1553.7,1570.2,1571.5,1549.8,,-1.05,-0.010508215513947317,0.06768829026938072,0.08680701200068737,-0.010508215513947317
2013-04-04,1560.0,1553.7,1562.6,1552.5,,0.41,0.004054836841089093,0.0720175920835644,0.08181929499567249,-0.006495987772258349
2013-04-05,1553.3,1560.0,1560.0,1539.5,,-0.43,-0.004294871794871868,0.06741341396371814,0.08354732982949353,-0.010762960132467247
2013-04-08,1563.1,1553.3,1563.1,1548.6,,0.63,0.006309148264984188,0.07414788345244827,0.08593838767804939,-0.00452171697872894
2013-04-09,1568.6,1563.1,1573.9,1560.9,,0.35,0.0035186488388458947,0.077927432655307,0.08546022188763759,-0.0010189784740798347
2013-04-10,1587.7,1568.6,1589.1,1568.6,,1.22,0.01217646308810405,0.0910527762506892,0.09417858979887729,0.0
2013-04-11,1593.4,1587.7,1597.3,1586.2,,0.36,0.0035900988851798044,0.0949697636063791,0.09377268295212587,0.0
2013-04-12,1588.8,1593.3,1593.3,1580.0,,-0.29,-0.002886908497552465,0.0918086860912608,0.09486342240686639,-0.002886908497552465
2013-04-15,1552.4,1588.8,1588.8,1552.3,,-2.29,-0.02291037260825768,0.06679494227597771,0.12445709437104437,-0.025731140956445353
2013-04-16,1574.6,1552.4,1575.3,1552.4,,1.43,0.014300438031435103,0.08205057724024378,0.13417471707469997,-0.011798669511736026
2013-04-17,1552.0,1574.6,1574.6,1543.7,,-1.44,-0.01435285151784571,0.06652006597031535,0.14237530626068784,-0.02598217647797174
2013-04-18,1541.6,1552.0,1554.4,1536.0,,-0.67,-0.006701030927835139,0.059373282023091445,0.14406225311695367,-0.03250910003765539
2013-04-19,1555.2,1541.6,1555.9,1539.4,,0.88,0.008822003113648336,0.06871907641561492,0.14550694931555067,-0.023973892305761302
2013-04-22,1562.5,1555.2,1565.5,1548.2,,0.47,0.00469393004115215,0.0737355689939545,0.14320538247271028,-0.019392494037906438
2013-04-23,1578.8,1562.5,1579.6,1562.5,,1.04,0.010431999999999997,0.08493677844969949,0.14552606260307077,-0.009162796535709838
2013-04-24,1578.8,1578.8,1583.0,1575.8,,0.0,0.0,0.08493677844969949,0.14481435413044463,-0.009162796535709838
2013-04-25,1585.2,1578.9,1592.6,1578.9,,0.41,0.004053711679756766,0.08933479934029864,0.14312667594260492,-0.005146228191289071
2013-04-26,1582.2,1585.2,1585.8,1577.6,,-0.19,-0.0018925056775170868,0.08727322704783025,0.14333858750278056,-0.007028994602736316
2013-04-29,1593.6,1582.3,1596.7,1582.3,,0.72,0.0072051573758058485,0.09510720175921006,0.14468532847562082,0.0
2013-04-30,1597.6,1593.6,1597.6,1586.5,,0.25,0.0025100401606426015,0.09785596481583458,0.14351739065513952,0.0
2013-05-01,1582.7,1597.5,1597.5,1581.3,,-0.93,-0.009326489734601817,0.08761682242990831,0.1471070688748224,-0.009326489734601817
2013-05-02,1597.6,1582.8,1598.6,1582.8,,0.94,0.009414292032602356,0.09785596481583458,0.144628923432855,0.0
2013-05-03,1614.4,1597.6,1618.5,1597.6,,1.05,0.010515773660490835,0.10940076965365764,0.14783776240792346,0.0
2013-05-06,1617.5,1614.4,1619.8,1614.2,,0.19,0.001920218037660959,0.11153106102254151,0.14623445801210164,0.0
2013-05-07,1626.0,1617.5,1626.0,1616.6,,0.53,0.0052550231839259,0.11737218251786863,0.14588561776474138,0.0
2013-05-08,1632.7,1626.0,1632.8,1622.7,,0.41,0.004120541205412165,0.12197636063771489,0.14598354643461034,0.0
2013-05-09,1626.7,1632.7,1635.0,1623.1,,-0.37,-0.0036748943467875828,0.1178532160527781,0.14227149885241666,-0.0036748943467875828
2013-05-10,1633.7,1626.7,1633.7,1623.7,,0.43,0.00430319050839123,0.12266355140187102,0.14244411862708875,0.0
2013-05-13,1633.8,1632.1,1636.0,1626.7,,0.01,6.121074860732101e-05,0.1227322704782865,0.14173520950765475,0.0
2013-05-14,1650.3,1633.8,1651.1,1633.8,,1.01,0.010099155343371358,0.13407091808686267,0.11387644948543788,0.0
2013-05-15,1658.8,1649.1,1661.5,1646.7,,0.52,0.005150578682663776,0.13991203958218978,0.10655159776399795,0.0
2013-05-16,1650.5,1658.1,1660.5,1648.6,,-0.5,-0.005003617072582567,0.13420835623969385,0.09181706797743662,-0.005003617072582567
2013-05-17,1667.5,1652.5,1667.5,1652.5,,1.03,0.010299909118449024,0.14589059923034808,0.08811275822631025,0.0
2013-05-20,1666.3,1665.7,1672.8,1663.5,,-0.07,-0.0007196401799101082,0.14506597031336055,0.0874025693977147,-0.0007196401799101082
2013-05-21,1669.2,1666.2,1674.9,1662.7,,0.17,0.0017403828842346147,0.14705882352941346,0.08741028439054128,0.0
2013-05-22,1655.3,1669.4,1687.2,1648.9,,-0.83,-0.00832734243949207,0.1375068719076431,0.09180480887096353,-0.00832734243949207
2013-05-23,1650.5,1651.6,1655.5,1635.5,,-0.29,-0.002899776475563276,0.13420835623969385,0.09324712820527116,-0.01120297148334537
2013-05-24,1649.6,1646.7,1649.8,1636.9,,-0.05,-0.0005452893062708464,0.13358988455195342,0.0934146769654882,-0.011742151929067912
2013-05-28,1660.1,1652.6,1674.2,1652.6,,0.64,0.006365179437439306,0.1408053875755928,0.09355397598147955,-0.005451713395638658
2013-05-29,1648.4,1656.6,1656.6,1640.0,,-0.7,-0.007047768206734473,0.1327652556349661,0.09711380752359391,-0.012461059190031154
2013-05-30,1654.4,1649.1,1661.9,1648.6,,0.36,0.0036398932297985187,0.1368884002199029,0.09732159776023287,-0.0088665228852145
2013-05-31,1630.7,1652.1,1659.0,1630.7,,-1.43,-0.014325435203094816,0.12060197910940262,0.10563264260352513,-0.023064941289240304
2013-06-03,1640.4,1631.7,1640.4,1622.7,,0.59,0.005948365732507455,0.12726772952171705,0.10298710625026151,-0.017253774263120025
2013-06-04,1631.4,1640.7,1646.5,1623.6,,-0.55,-0.00548646671543529,0.12108301264431187,0.09977342172331831,-0.022645578720345005
2013-06-05,1608.9,1629.0,1629.3,1607.1,,-1.38,-0.013791835233541772,0.10562122045079891,0.11118396131093447,-0.03612508986340757
2013-06-06,1622.6,1609.3,1622.6,1598.2,,0.85,0.00851513456398778,0.11503573391973787,0.11375441955741995,-0.027917565300742964
2013-06-07,1643.4,1625.3,1644.4,1625.3,,1.28,0.012818932577345121,0.12932930181418545,0.12152246408243873,-0.015456506110711699
2013-06-10,1642.8,1644.7,1648.7,1639.3,,-0.04,-0.0003650967506390046,0.12891698735569168,0.12068295849056636,-0.01581595974119343
2013-06-11,1626.1,1638.6,1640.1,1622.9,,-1.02,-0.010165570976381821,0.11744090159428433,0.12525415796990622,-0.025820752456266582
2013-06-12,1612.5,1629.9,1637.7,1610.9,,-0.84,-0.008363569276182203,0.10809510720176108,0.12839975700453238,-0.03396836808051762
2013-06-13,1636.4,1612.2,1639.2,1608.1,,1.48,0.014821705426356635,0.12451896646509275,0.13426333755771136,-0.01965013179966446
2013-06-14,1626.7,1635.5,1640.8,1624.0,,-0.59,-0.005927646052309998,0.11785321605277832,0.13400956246611934,-0.02546129882578485
2013-06-17,1639.0,1630.6,1646.5,1630.3,,0.76,0.007561320464744448,0.12630566245189856,0.13620766148658572,-0.018092499400910622
2013-06-18,1651.8,1639.8,1654.2,1639.8,,0.78,0.007809640024405207,0.1351017042330971,0.13402195709024176,-0.01042415528396845
2013-06-19,1628.9,1651.8,1652.5,1628.9,,-1.39,-0.013863663881825805,0.11936503573392176,0.14189962559235605,-0.024143302180685278
2013-06-20,1588.2,1624.6,1624.6,1584.3,,-2.5,-0.024986186997360216,0.09139637163276726,0.16380792174325634,-0.048526240115025154
2013-06-21,1592.4,1588.6,1599.2,1577.7,,0.26,0.0026445032111825917,0.09428257284222319,0.1631418481804713,-0.046010064701653475
2013-06-24,1573.1,1588.8,1588.8,1560.3,,-1.21,-0.012120070334087019,0.08101979109400981,0.16701105709396274,-0.057572489815480576
2013-06-25,1588.0,1577.5,1593.8,1577.1,,0.95,0.009471743690801615,0.09125893347993608,0.17182101909478265,-0.0486460579918524
2013-06-26,1603.3,1592.3,1606.8,1592.3,,0.96,0.009634760705289569,0.10177295217152471,0.1741257083546557,-0.039479990414569954
2013-06-27,1613.2,1606.4,1620.1,1606.4,,0.62,0.0061747645481196045,0.10857614073667055,0.17493481002583444,-0.03354900551162232
2013-06-28,1606.3,1611.1,1615.9,1601.1,,-0.43,-0.004277212992809365,0.1038345244639931,0.1744556518774614,-0.03768272226216152
2013-07-01,1615.0,1609.8,1626.6,1609.8,,0.54,0.005416173815601111,0.1098130841121514,0.16927659911263296,-0.03247064462017735
2013-07-02,1614.1,1614.3,1624.3,1606.8,,-0.06,-0.0005572755417957431,0.10919461242441075,0.1676921751717667,-0.03300982506589989
2013-07-03,1615.4,1611.5,1619.0,1604.6,,0.08,0.0008054023914256803,0.11008796041781377,0.1668512347739698,-0.03223100886652286
2013-07-05,1631.9,1618.7,1632.1,1614.7,,1.02,0.010214188436300509,0.12142660802638972,0.1632890102292374,-0.02234603402827695
2013-07-08,1640.5,1634.2,1644.7,1634.2,,0.53,0.005269930755561036,0.12733644859813253,0.16171812068743585,-0.01719386532470646
2013-07-09,1652.3,1642.9,1654.2,1642.9,,0.72,0.0071929289850654055,0.1354452996151747,0.15746838843610877,-0.010124610591900396
2013-07-10,1652.6,1651.6,1657.9,1647.7,,0.02,0.00018156509108502306,0.13565145684442137,0.15745049250593385,-0.009944883776659585
2013-07-11,1675.0,1657.4,1676.6,1657.4,,1.36,0.013554399128645755,0.15104452996151863,0.15896047675813382,0.0
2013-07-12,1680.2,1675.3,1680.2,1672.3,,0.31,0.003104477611940215,0.15461792193513046,0.1549441895177438,0.0
2013-07-15,1682.5,1679.6,1684.5,1677.9,,0.14,0.001368884656588465,0.1561984606926896,0.1477659210402534,0.0
2013-07-16,1676.3,1682.7,1683.7,1671.8,,-0.37,-0.003684992570579526,0.15193787795492164,0.1465706583932664,-0.003684992570579526
2013-07-17,1680.9,1677.9,1684.8,1677.9,,0.27,0.002744138877289304,0.15509895547003993,0.14499047898910758,-0.0009509658246655839
2013-07-18,1689.4,1681.0,1693.1,1681.0,,0.51,0.005056814801594367,0.16094007696536705,0.14372760243048624,0.0
2013-07-19,1692.1,1686.2,1692.1,1684.1,,0.16,0.0015982005445718261,0.16279549202858834,0.1330093119096199,0.0
2013-07-22,1695.5,1694.4,1697.6,1690.7,,0.2,0.002009337509603526,0.16513194062671932,0.09045247738451621,0.0
2013-07-23,1692.4,1696.6,1698.8,1691.1,,-0.18,-0.0018283692126216389,0.16300164925783522,0.09206977341752895,-0.0018283692126216389
2013-07-24,1685.9,1696.1,1698.4,1682.6,,-0.38,-0.0038406995982037673,0.15853490929082037,0.07849432617200276,-0.005662046593924996
2013-07-25,1690.2,1685.2,1690.9,1680.1,,0.26,0.002550566463016768,0.16148982957669178,0.07524840757900585,-0.0031259215570628163
2013-07-26,1691.7,1687.3,1691.8,1676.0,,0.09,0.0008874689385871548,0.16252061572292598,0.07151725052494111,-0.002241226776761973
2013-07-29,1685.3,1690.3,1690.9,1681.9,,-0.38,-0.0037831766861736726,0.15812259483232682,0.07348274621931804,-0.006015924506045489
2013-07-30,1686.0,1687.9,1693.2,1682.4,,0.04,0.0004153563163828977,0.15860362836723607,0.0700749153205611,-0.005603066941905044
2013-07-31,1685.7,1687.8,1698.4,1684.9,,-0.02,-0.000177935943060481,0.1583974711379892,0.06963655738870382,-0.005780005897965124
2013-08-01,1706.9,1689.4,1707.8,1689.4,,1.26,0.01257637776591336,0.17296591533809935,0.07781868337422553,0.0
2013-08-02,1709.7,1706.1,1709.7,1700.7,,0.16,0.0016404007264632092,0.17489004947773656,0.07761916136099078,0.0
2013-08-05,1707.1,1708.0,1709.2,1703.5,,-0.15,-0.0015207346318067971,0.17310335349093053,0.07389225744986509,-0.0015207346318067971
2013-08-06,1697.4,1705.8,1705.8,1693.3,,-0.57,-0.005682151016343395,0.1664376030786161,0.07772086723570427,-0.007194244604316502
2013-08-07,1690.9,1695.3,1695.3,1684.9,,-0.38,-0.003829386119948208,0.16197086311160125,0.07716874672758514,-0.01099608118383344
2013-08-08,1697.5,1693.3,1700.2,1688.4,,0.39,0.0039032467916493285,0.16650632215503158,0.0776789256846535,-0.007135754810785544
2013-08-09,1691.4,1696.1,1699.4,1686.0,,-0.36,-0.0035935198821795966,0.16231445849367931,0.06528608274313731,-0.010703632216178205
2013-08-12,1689.5,1688.4,1691.5,1683.3,,-0.11,-0.0011233297859761793,0.16100879604178253,0.06477893508536813,-0.011814938293267851
2013-08-13,1694.2,1690.7,1696.8,1682.6,,0.28,0.002781888132583621,0.1642385926333163,0.06526385021007643,-0.009065917997309492
2013-08-14,1685.4,1693.9,1695.5,1684.8,,-0.52,-0.005194191949002502,0.1581913139087423,0.06663112488388272,-0.014213019828040019
2013-08-15,1661.3,1679.6,1679.6,1658.6,,-1.43,-0.014299276136228833,0.14163001649257945,0.08283226913118227,-0.02830906006901801
2013-08-16,1655.8,1661.2,1663.6,1652.6,,-0.33,-0.003310660326250492,0.13785046728972072,0.0807470016020248,-0.03152599871322459
2013-08-19,1646.1,1655.2,1659.2,1645.8,,-0.59,-0.0058581954342311615,0.1311847168774063,0.08191215056071718,-0.037199508685734406
2013-08-20,1652.3,1646.8,1658.9,1646.1,,0.38,0.0037664783427495685,0.13544529961517426,0.0830249342176501,-0.033573141486810565
2013-08-21,1642.8,1650.7,1657.0,1639.4,,-0.57,-0.005749561217696542,0.12891698735569102,0.08448807822521538,-0.039129671872258354
2013-08-22,1657.0,1645.0,1659.5,1645.0,,0.86,0.008643778914049216,0.13867509620670804,0.09078177601668663,-0.030824121190852205
2013-08-23,1663.5,1659.9,1664.8,1654.8,,0.39,0.003922751961376036,0.1431418361737229,0.09154257397870665,-0.02702228461133538
2013-08-26,1656.8,1664.3,1669.5,1656.0,,-0.4,-0.004027652539825732,0.13853765805387686,0.09202229155202783,-0.030941100777914343
2013-08-27,1630.5,1652.5,1652.5,1629.0,,-1.59,-0.015873973925639717,0.12046454095657078,0.10525024135578909,-0.046323916476574856
2013-08-28,1635.0,1630.2,1641.2,1627.5,,0.28,0.002759889604415866,0.12355689939527337,0.10611223466790785,-0.04369187576767852
2013-08-29,1638.2,1633.5,1646.4,1630.9,,0.2,0.001957186544342626,0.12575590984057317,0.10668847893782339,-0.041820202374685644
2013-08-30,1633.0,1638.9,1640.1,1628.0,,-0.32,-0.0031742156024905377,0.12218251786696133,0.0940018214991361,-0.04486167163829913
2013-09-03,1639.8,1636.0,1651.3,1633.4,,0.42,0.004164115125535828,0.12685541506322306,0.09565526365723172,-0.040884365678189205
2013-09-04,1653.1,1640.7,1655.7,1637.4,,0.81,0.008110745212830839,0.13599505222649966,0.10184194378605385,-0.033105223138562345
2013-09-05,1655.1,1653.3,1659.2,1653.1,,0.12,0.0012098481640554493,0.13736943375481192,0.10107983039908523,-0.03193542726794185
2013-09-06,1655.2,1657.4,1664.8,1640.6,,0.01,6.041931001155021e-05,0.13743815283122762,0.10069338101418286,-0.03187693747441067
2013-09-09,1671.7,1656.8,1672.4,1656.8,,1.0,0.009968583856935664,0.1487768004398038,0.10644016785028551,-0.022226121541790933
2013-09-10,1684.0,1674.3,1684.1,1674.3,,0.74,0.007357779505892115,0.15722924683892403,0.10941771470764564,-0.015031876937474431
2013-09-11,1689.1,1681.0,1689.1,1678.7,,0.3,0.0030285035629453727,0.1607339197361204,0.10991372804422368,-0.012048897467392017
2013-09-12,1683.4,1689.2,1690.0,1682.0,,-0.34,-0.003374578177727683,0.15681693238043048,0.11002757200817848,-0.015382815698660512
2013-09-13,1688.0,1685.0,1688.7,1682.2,,0.27,0.002732565046928759,0.15997800989554856,0.10898965085254038,-0.012692285196233333
2013-09-16,1697.6,1691.7,1705.0,1691.7,,0.57,0.005687203791469031,0.16657504123144729,0.09706686945948065,-0.007077265017254586
2013-09-17,1704.8,1697.7,1705.5,1697.7,,0.42,0.004241281809613584,0.1715228147333714,0.09631682305077077,-0.002865999883020498
2013-09-18,1725.5,1705.7,1729.4,1700.3,,1.21,0.012142186766776142,0.18574766355140326,0.09934487548799704,0.0
2013-09-19,1722.3,1727.3,1729.9,1720.2,,-0.19,-0.0018545349174152737,0.1835486531061037,0.10017879707285378,-0.0018545349174152737
2013-09-20,1709.9,1722.4,1725.2,1708.9,,-0.72,-0.007199674853393678,0.17502748763056775,0.1017059424457001,-0.009040857722399265
2013-09-23,1701.8,1711.4,1711.4,1697.1,,-0.47,-0.004737119129773704,0.169461242440903,0.10113375045152467,-0.013735149232106614
2013-09-24,1697.4,1702.6,1707.6,1694.9,,-0.26,-0.002585497708308737,0.1664376030786161,0.10151167167248556,-0.016285134743552532
2013-09-25,1692.8,1698.0,1701.7,1691.9,,-0.27,-0.0027100271002711285,0.1632765255634978,0.10079264642654764,-0.018951028687337
2013-09-26,1698.7,1694.0,1703.8,1693.1,,0.35,0.0034853497164462066,0.16733095107201912,0.08002093709941022,-0.015531729933352612
2013-09-27,1691.8,1695.5,1695.5,1687.1,,-0.41,-0.004061929710955536,0.16258933479934168,0.08261470006334942,-0.019530570849029316
2013-09-30,1681.5,1687.3,1687.3,1675.0,,-0.61,-0.006088190093391677,0.15551126992853348,0.08681991282975227,-0.025499855114459624
2013-10-01,1695.0,1682.4,1696.5,1682.1,,0.8,0.00802854594112401,0.16478834524464125,0.08827608298464466,-0.017676035931614043
2013-10-02,1693.9,1691.9,1693.9,1680.3,,-0.06,-0.0006489675516223592,0.16403243540406964,0.08822012410042096,-0.01831353230947541
2013-10-03,1678.7,1692.3,1692.3,1670.4,,-0.9,-0.008973375051655963,0.1535871357888965,0.0920088947076407,-0.027122573167197905
2013-10-04,1690.5,1678.8,1691.9,1677.3,,0.7,0.007029248823494427,0.16169598680593888,0.09455024437515662,-0.020283975659229236
2013-10-07,1676.1,1687.2,1687.2,1674.7,,-0.85,-0.008518189884649585,0.15180043980209046,0.10015693518840571,-0.028629382787597857
2013-10-08,1655.5,1676.2,1676.8,1655.0,,-1.23,-0.012290436131495719,0.13764431006047428,0.10359156002951427,-0.04056795131845847
2013-10-09,1656.4,1657.0,1662.5,1646.5,,0.05,0.0005436424041076471,0.13826278174821494,0.09974379270997959,-0.04004636337293532
2013-10-10,1692.6,1660.9,1692.6,1660.9,,2.19,0.021854624486838725,0.16313908741066663,0.12650271998182921,-0.019066937119675553
2013-10-11,1703.2,1691.1,1703.4,1688.5,,0.63,0.0062625546496515305,0.1704233095107217,0.12754076008138268,-0.012923790205737418
2013-10-14,1710.1,1699.9,1711.0,1692.1,,0.41,0.004051197745420287,0.17516492578339893,0.12790147667172708,-0.008924949290060935
2013-10-15,1698.1,1709.2,1711.6,1695.9,,-0.7,-0.007017133500964889,0.16691863661352535,0.12916289345756443,-0.015879455230368045
2013-10-16,1721.5,1700.5,1721.8,1700.5,,1.38,0.013780107178611445,0.18299890049477896,0.1370529856611096,-0.0023181686467690366
2013-10-17,1733.2,1720.2,1733.5,1714.1,,0.68,0.00679639848968927,0.19103903243540565,0.13250674498366796,0.0
2013-10-18,1744.5,1736.7,1745.3,1735.7,,0.65,0.0065197322870989005,0.19880428807036976,0.13400184174496563,0.0
2013-10-21,1744.7,1745.2,1747.8,1740.7,,0.01,0.00011464603038113808,0.19894172622320094,0.1309685440167367,0.0
2013-10-22,1754.7,1746.5,1759.3,1746.5,,0.57,0.005731644408780934,0.20581363386476226,0.1302169131664544,0.0
2013-10-23,1746.4,1752.3,1752.3,1740.5,,-0.47,-0.0047301533025587705,0.20010995052226654,0.13127047085145688,-0.0047301533025587705
2013-10-24,1752.1,1747.5,1753.9,1745.5,,0.33,0.0032638570774163878,0.20402693787795645,0.13054952463103406,-0.0014817347694763283
2013-10-25,1759.8,1756.0,1759.8,1752.5,,0.44,0.0043947263284058735,0.20931830676195862,0.13074644971920465,0.0
2013-10-28,1762.1,1759.4,1765.0,1757.7,,0.13,0.0013069667007614694,0.21089884551951776,0.12906882125929253,0.0
2013-10-29,1772.0,1762.9,1772.1,1762.9,,0.56,0.005618296350945018,0.2177020340846636,0.12619622155499305,0.0
2013-10-30,1763.3,1772.3,1775.2,1757.2,,-0.49,-0.0049097065462754275,0.2117234744365053,0.1270484624567779,-0.0049097065462754275
2013-10-31,1756.5,1763.2,1768.5,1755.7,,-0.39,-0.003856405603130497,0.20705057724024356,0.12834277038175118,-0.00874717832957106
2013-11-01,1761.6,1758.7,1765.7,1752.7,,0.29,0.0029035012809564,0.2105552501374397,0.12227814408227522,-0.005869074492099391
2013-11-04,1767.9,1763.4,1768.8,1761.6,,0.36,0.0035762942779291595,0.21488455195162337,0.12118490646611468,-0.002313769751692951
2013-11-05,1763.0,1765.7,1767.0,1755.8,,-0.28,-0.0027716499802025174,0.21151731720725842,0.11634202243118487,-0.005079006772009009
2013-11-06,1770.5,1765.0,1773.7,1764.4,,0.43,0.0042541123085648724,0.2166712479384294,0.10334704056754083,-0.0008465011286681312
2013-11-07,1747.2,1770.7,1774.5,1746.2,,-1.32,-0.013160124258683958,0.2006597031335915,0.11772627201924642,-0.013995485327313761
2013-11-08,1770.6,1748.4,1770.8,1747.6,,1.34,0.013392857142856984,0.21673996701484466,0.10298856053440925,-0.0007900677200903816
2013-11-11,1771.9,1770.0,1773.4,1767.8,,0.07,0.0007342143906021725,0.21763331500824767,0.10199472037483495,-5.643340857786061e-05
2013-11-12,1767.7,1769.5,1771.8,1762.3,,-0.24,-0.002370336926463157,0.21474711379879197,0.10271496125809158,-0.0024266365688487834
2013-11-13,1782.0,1764.4,1782.0,1760.6,,0.81,0.008089607965152457,0.2245739417262247,0.10004489877023015,0.0
2013-11-14,1790.6,1782.8,1791.5,1780.2,,0.48,0.004826038159371437,0.2304837822979673,0.09156829864552893,0.0
2013-11-15,1798.2,1790.7,1798.2,1790.7,,0.42,0.00424438735619348,0.23570643210555398,0.09026338307859222,0.0
2013-11-18,1791.5,1798.8,1802.3,1788.0,,-0.37,-0.0037259481703926234,0.23110225398570794,0.0904480951463389,-0.0037259481703926234
2013-11-19,1787.9,1790.8,1795.5,1784.7,,-0.2,-0.0020094892548143672,0.228628367234746,0.09109061417247796,-0.00572795017239458
2013-11-20,1781.4,1789.6,1795.7,1777.2,,-0.36,-0.003635550086693917,0.22416162726773114,0.09097393220367993,-0.009342676009342687
2013-11-21,1795.8,1783.5,1797.2,1783.5,,0.81,0.008083529808016188,0.23405717427157935,0.092096743219216,-0.001334668001334749
2013-11-22,1804.8,1797.2,1804.8,1794.7,,0.5,0.005011693952555962,0.24024189114898453,0.09275223744819612,0.0
2013-11-25,1802.5,1806.3,1808.1,1800.6,,-0.13,-0.0012743794326240954,0.23866135239142539,0.09254659979092988,-0.0012743794326240954
2013-11-26,1802.8,1802.9,1808.4,1800.8,,0.02,0.00016643550624140246,0.23886750962067227,0.0926078556208429,-0.0011081560283687786
2013-11-27,1807.2,1803.5,1808.3,1802.8,,0.24,0.0024406478810738985,0.24189114898295916,0.09130118871305905,0.0
2013-11-29,1805.8,1808.7,1813.5,1804.0,,-0.08,-0.0007746790615317245,0.24092908191314044,0.0890516417976892,-0.0007746790615317245
2013-12-02,1800.9,1806.5,1810.0,1798.6,,-0.27,-0.002713478790563717,0.2375618471687755,0.0883271430916875,-0.003486055776892427
2013-12-03,1795.2,1800.1,1800.1,1787.8,,-0.32,-0.003165084124604367,0.23364485981308558,0.0893517870589953,-0.006640106241699861
2013-12-04,1792.8,1793.2,1799.8,1779.1,,-0.13,-0.0013368983957219305,0.23199560197911095,0.08912877303995478,-0.007968127490039945
2013-12-05,1785.0,1792.8,1792.8,1783.4,,-0.44,-0.004350736278447065,0.2266355140186933,0.0900625385817807,-0.012284196547144743
2013-12-06,1805.1,1788.4,1806.0,1788.4,,1.13,0.011260504201680677,0.24044804837823164,0.09666665881227189,-0.0011620185922975867
2013-12-09,1808.4,1806.2,1811.5,1806.2,,0.18,0.001828153564899626,0.24271577789994714,0.08194305875418148,0.0
2013-12-10,1802.6,1807.6,1808.5,1801.8,,-0.32,-0.0032072550320726423,0.23873007146784153,0.07148810007571527,-0.0032072550320726423
2013-12-11,1782.2,1802.8,1803.0,1780.1,,-1.13,-0.011316986574947174,0.22471137987905654,0.08302055924392664,-0.0144879451448795
2013-12-12,1775.5,1781.7,1783.0,1772.3,,-0.38,-0.003759398496240629,0.2201072017592105,0.08371772504723025,-0.018192877681928787
2013-12-13,1775.3,1778.0,1780.9,1772.5,,-0.01,-0.00011264432554214387,0.21996976360637932,0.07867629809281718,-0.018303472683034783
2013-12-16,1786.5,1777.5,1792.2,1777.5,,0.63,0.006308792880076686,0.22766630016492817,0.08001834001120946,-0.0121101526211016
2013-12-17,1781.0,1786.5,1786.8,1777.0,,-0.31,-0.0030786453960257587,0.22388675096206945,0.07902710181254595,-0.015151515151515249
2013-12-18,1810.7,1781.5,1811.1,1768.0,,1.67,0.01667602470522178,0.2442963166575065,0.09774322343925455,0.0
2013-12-19,1809.6,1809.0,1810.9,1801.3,,-0.06,-0.0006074998619318706,0.24354040681693467,0.09740510563809729,-0.0006074998619318706
2013-12-20,1818.3,1810.4,1823.8,1810.2,,0.48,0.004807692307692291,0.24951896646509297,0.09717825504487458,0.0
2013-12-23,1828.0,1822.9,1829.8,1822.9,,0.53,0.005334653247538901,0.2561847168774074,0.09509586901290146,0.0
2013-12-24,1833.3,1828.0,1833.3,1828.0,,0.29,0.0028993435448576577,0.2598268279274347,0.09421233346417003,0.0
2013-12-26,1842.0,1835.0,1842.8,1835.0,,0.47,0.004745540828015038,0.265805387575593,0.09487755928768729,0.0
2013-12-27,1841.4,1843.0,1844.9,1839.8,,-0.03,-0.00032573289902271263,0.2653930731170995,0.0949505834116478,-0.00032573289902271263
2013-12-30,1841.1,1841.5,1842.5,1838.8,,-0.02,-0.00016291951775837532,0.26518691588785237,0.09489025698810254,-0.000488599348534291
2013-12-31,1848.4,1842.6,1849.4,1842.4,,0.4,0.00396502091141171,0.2702034084661922,0.09525458669143948,0.0
2014-01-02,1832.0,1845.9,1845.9,1827.7,,-0.89,-0.008872538411599296,0.2589334799340315,0.10062244865206389,-0.008872538411599296
2014-01-03,1831.4,1833.2,1838.2,1829.1,,-0.03,-0.0003275109170305379,0.25852116547553794,0.09967690179577282,-0.009197143475438208
2014-01-06,1826.8,1832.3,1837.2,1823.7,,-0.25,-0.002511739652724776,0.25536008796041965,0.1001016559443969,-0.01168578229820394
2014-01-07,1837.9,1828.7,1840.1,1828.7,,0.61,0.006076198817604572,0.2629879054425528,0.09970787916249411,-0.005680588617182458
2014-01-08,1837.5,1837.9,1840.0,1831.4,,-0.02,-0.00021763969748089806,0.2627130291368902,0.09313167347158215,-0.00589699199307514
2014-01-09,1838.1,1839.0,1843.2,1830.4,,0.03,0.00032653061224485747,0.26312534359538375,0.09308102414804906,-0.005572386929236228
2014-01-10,1842.4,1840.1,1843.2,1832.4,,0.23,0.0023393721777924537,0.2660802638812554,0.09205549163437263,-0.003246050638390008
2014-01-13,1819.2,1841.3,1843.5,1815.5,,-1.26,-0.012592270950933626,0.2501374381528332,0.09429410184116659,-0.015797446440164453
2014-01-14,1838.9,1821.4,1839.3,1821.4,,1.08,0.010828935795954342,0.26367509620670915,0.09847384108211674,-0.005139580177450753
2014-01-15,1848.4,1840.5,1850.8,1840.5,,0.52,0.00516613192669535,0.2702034084661924,0.09895266184135405,0.0
2014-01-16,1845.9,1848.0,1848.0,1840.3,,-0.14,-0.0013525210993291514,0.26848543155580207,0.09824898752652562,-0.0013525210993291514
2014-01-17,1838.7,1844.2,1846.0,1835.2,,-0.39,-0.003900536323744541,0.26353765805387797,0.09877952796547927,-0.005247781865397094
2014-01-21,1843.8,1841.0,1849.3,1832.4,,0.28,0.002773698808941072,0.2670423309510741,0.08229944568264787,-0.002488638822765732
2014-01-22,1844.9,1844.7,1846.9,1840.9,,0.06,0.0005965939906715789,0.26779824079164594,0.08213153023811974,-0.0018935295390608564
2014-01-23,1828.5,1842.3,1842.3,1820.1,,-0.89,-0.008889370697598875,0.25652831225948525,0.08751882642753277,-0.010766067950660041
2014-01-24,1790.3,1827.0,1827.0,1790.3,,-2.09,-0.020891441071916872,0.23027762506872107,0.11213045393112422,-0.031432590348409506
2014-01-27,1781.6,1791.0,1796.0,1772.9,,-0.49,-0.004859520750712165,0.22429906542056277,0.11197987761125901,-0.036139363774075006
2014-01-28,1792.5,1783.0,1793.9,1779.5,,0.61,0.006118096093399306,0.23178944474986474,0.11301548369728757,-0.030242371780999866
2014-01-29,1774.2,1790.2,1790.2,1770.5,,-1.02,-0.010209205020920487,0.2192138537658075,0.11708544497150927,-0.04014282622808918
2014-01-30,1794.2,1777.2,1798.8,1777.2,,1.13,0.011272686281140754,0.23295766904893012,0.12543338595525194,-0.029322657433455968
2014-01-31,1782.6,1790.9,1793.9,1772.3,,-0.65,-0.0064652770036786045,0.2249862561847189,0.12522748599108335,-0.0355983553343433
2014-02-03,1741.9,1782.7,1784.8,1739.7,,-2.28,-0.0228318186917984,0.1970175920835644,0.1433359454520048,-0.05761739883142181
2014-02-04,1755.2,1743.8,1758.7,1743.8,,0.76,0.007635340719903461,0.20615722924684077,0.1473561491412907,-0.050421986582990685
2014-02-05,1751.6,1753.4,1755.8,1737.9,,-0.21,-0.002051048313582604,0.2036833424958786,0.14734385845898984,-0.05236961696602471
2014-02-06,1773.4,1753.0,1774.1,1753.0,,1.24,0.012445763873030424,0.21866410115448232,0.1532538152490179,-0.04057563297987443
2014-02-07,1797.0,1776.0,1798.0,1776.0,,1.33,0.013307770384571871,0.23488180318856688,0.1617773885135623,-0.027807833802207416
2014-02-10,1799.8,1796.2,1799.9,1791.8,,0.16,0.0015581524763494947,0.2368059373282041,0.1619618489588435,-0.026293010170958753
2014-02-11,1819.8,1800.5,1823.5,1800.4,,1.11,0.011112345816201907,0.25054975261132695,0.16698192571292544,-0.015472841376325541
2014-02-12,1819.3,1820.1,1826.5,1816.0,,-0.03,-0.00027475546763378045,0.2502061572292489,0.16112390620924125,-0.015743345596191394
2014-02-13,1829.8,1814.8,1830.2,1809.2,,0.58,0.005771450557906954,0.25742166025288826,0.15777938188491394,-0.010062756979008936
2014-02-14,1838.6,1828.5,1841.7,1825.6,,0.48,0.004809268772543396,0.26346893897746204,0.1576315443687701,-0.005301882709370376
2014-02-18,1840.8,1839.0,1842.9,1835.0,,0.12,0.001196562601979867,0.2649807586586057,0.15764524611379943,-0.004111664141960736
2014-02-19,1828.8,1838.9,1847.5,1827.0,,-0.65,-0.006518904823989535,0.25673446948873213,0.1587012432893906,-0.01060376541874064
2014-02-20,1839.8,1829.2,1842.8,1824.6,,0.6,0.0060148731408573575,0.2642935678944496,0.1598617676304133,-0.00465267258169233
2014-02-21,1836.2,1841.1,1846.1,1835.6,,-0.2,-0.0019567344276550935,0.26181968114348764,0.15997531169414947,-0.006600302964726246
2014-02-24,1847.6,1836.8,1858.7,1836.8,,0.62,0.006208474022437516,0.26965365585486745,0.15815333601411824,-0.000432806751785475
2014-02-25,1845.1,1847.7,1852.9,1840.2,,-0.14,-0.0013531067330591062,0.2679356789444771,0.1379858735201584,-0.0017853278511146264
2014-02-26,1845.2,1845.8,1852.7,1840.7,,0.01,5.419760446589983e-05,0.2680043980208928,0.13618268336426947,-0.001731227007141345
2014-02-27,1854.3,1844.9,1854.5,1841.1,,0.49,0.004931714719271563,0.2742578339747135,0.13575983010323459,0.0
2014-02-28,1859.5,1855.1,1867.9,1847.7,,0.28,0.0028042927250175875,0.27783122594832554,0.1287389394345612,0.0
2014-03-03,1845.7,1857.7,1857.7,1834.4,,-0.74,-0.007421349825221801,0.2683479934029709,0.12855455453310566,-0.007421349825221801
2014-03-04,1873.9,1849.2,1876.2,1849.2,,1.53,0.015278756027523377,0.28772677295217375,0.13379523629081164,0.0
2014-03-05,1873.8,1874.0,1876.5,1871.1,,-0.01,-5.33646405892485e-05,0.28765805387575805,0.09815898322581625,-5.33646405892485e-05
2014-03-06,1877.0,1874.2,1881.9,1874.2,,0.17,0.0017077596328316513,0.2898570643210576,0.097155039804532,0.0
2014-03-07,1878.0,1878.5,1883.6,1870.6,,0.05,0.0005327650506126158,0.29054425508521375,0.09579224556777928,0.0
2014-03-10,1877.2,1877.9,1877.9,1867.0,,-0.04,-0.00042598509052182987,0.2899945024738888,0.09061437169731955,-0.00042598509052182987
2014-03-11,1867.6,1878.3,1882.3,1863.9,,-0.51,-0.005113999573833405,0.28339747113798985,0.08585911276110554,-0.005537806176783899
2014-03-12,1868.2,1866.2,1868.4,1854.4,,0.03,0.0003212679374600125,0.28380978559648384,0.08601895725099226,-0.005218317358892444
2014-03-13,1846.3,1869.1,1874.4,1841.9,,-1.17,-0.011722513649502275,0.26876030786146443,0.09106573403289925,-0.016879659211927578
2014-03-14,1841.1,1845.1,1852.4,1839.6,,-0.28,-0.002816443698207216,0.2651869158878526,0.09183245734781997,-0.019648562300319528
2014-03-17,1858.8,1842.8,1862.3,1842.8,,0.96,0.009613817826299442,0.2773501924134161,0.0954605865493449,-0.010223642172524028
2014-03-18,1872.2,1858.9,1873.8,1858.9,,0.72,0.007208952012050851,0.28655854865310837,0.09708920929542934,-0.0030883919062832943
2014-03-19,1860.8,1872.2,1874.1,1850.3,,-0.61,-0.00608909304561478,0.27872457394172856,0.10002629611515731,-0.009158679446219398
2014-03-20,1872.0,1860.1,1873.5,1854.6,,0.6,0.006018916595012858,0.2864211105002772,0.0983024217803127,-0.0031948881789137795
2014-03-21,1866.5,1874.5,1884.0,1863.5,,-0.29,-0.0029380341880341776,0.28264156129741846,0.09758724468025012,-0.006123535676251346
2014-03-24,1857.4,1867.7,1873.3,1849.7,,-0.49,-0.004875435306723741,0.2763881253435978,0.09910206105516943,-0.010969116080937091
2014-03-25,1865.6,1859.5,1871.9,1856.0,,0.44,0.004414773339076028,0.28202308960967803,0.09800382090162883,-0.0066027689030884185
2014-03-26,1852.6,1867.1,1875.9,1852.6,,-0.7,-0.006968267581475174,0.2730896096756483,0.10120515511273412,-0.013525026624068182
2014-03-27,1849.0,1852.1,1855.5,1842.1,,-0.19,-0.0019432149411636734,0.2706157229246864,0.10148067779885202,-0.01544195953141636
2014-03-28,1857.6,1850.1,1866.6,1850.1,,0.47,0.0046511627906975495,0.276525563496429,0.10131749940286204,-0.010862619808306717
2014-03-31,1872.3,1859.2,1875.2,1859.2,,0.79,0.007913436692506437,0.28662726772952407,0.10452815448484336,-0.0030351437699680517
2014-04-01,1885.5,1874.0,1885.8,1874.0,,0.71,0.007050152219195693,0.29569818581638496,0.10298607384018403,0.0
2014-04-02,1890.9,1886.6,1893.2,1883.8,,0.29,0.0028639618138426304,0.2994090159428282,0.08944221960913011,0.0
2014-04-03,1888.8,1891.4,1893.8,1882.7,,-0.11,-0.0011105822624147832,0.29796591533810024,0.08959133693218058,-0.0011105822624147832
2014-04-04,1865.1,1890.2,1897.3,1863.3,,-1.25,-0.012547649301143604,0.28167949422759997,0.09996794241525075,-0.013644296366809527
2014-04-07,1845.0,1863.9,1864.0,1841.5,,-1.08,-0.010776902042785808,0.26786695986806186,0.10628141104995467,-0.02427415516420761
2014-04-08,1852.0,1845.5,1855.0,1837.5,,0.38,0.003794037940379358,0.2726772952171548,0.10747839096184254,-0.020572214289491852
2014-04-09,1872.2,1852.6,1872.4,1852.4,,1.09,0.010907127429805596,0.2865585486531086,0.11321642115660396,-0.009889470622454932
2014-04-10,1833.1,1872.3,1872.5,1830.9,,-2.09,-0.020884520884520974,0.25968938977460376,0.13460336802823908,-0.030567454651224346
2014-04-11,1815.7,1830.7,1835.1,1814.4,,-0.95,-0.00949211717854992,0.24773227047828716,0.1325431864408762,-0.03976942196837485
2014-04-14,1830.6,1818.2,1834.2,1815.8,,0.82,0.00820620146499973,0.25797141286421343,0.13584943299285454,-0.03188957639219425
2014-04-15,1843.0,1831.5,1844.0,1816.3,,0.68,0.006773735387304747,0.2664925783397496,0.13359197609662696,-0.025331852556983447
2014-04-16,1862.3,1846.0,1862.3,1846.0,,1.05,0.010472056429734034,0.27975536008796276,0.13637455114213734,-0.015125072716695831
2014-04-17,1864.8,1861.7,1869.6,1856.7,,0.13,0.0013424260323255943,0.2814733369983531,0.13476306961257725,-0.013802950975725925
2014-04-21,1871.9,1865.8,1871.9,1863.2,,0.38,0.003807378807378914,0.2863523914238617,0.13376081962319114,-0.01004812523137133
2014-04-22,1879.5,1872.6,1884.9,1872.6,,0.41,0.00406004594262499,0.2915750412314482,0.13399987724550966,-0.006028875138822776
2014-04-23,1875.4,1879.3,1879.8,1873.9,,-0.22,-0.002181431231710551,0.28875755909840795,0.1329936646947278,-0.008197154794013395
2014-04-24,1878.6,1882.0,1884.1,1870.2,,0.17,0.0017063026554333671,0.2909565695437073,0.13231653766948231,-0.0065048389655720795
2014-04-25,1863.4,1877.7,1877.7,1859.7,,-0.81,-0.00809113169381448,0.28051126992853415,0.13315506099586646,-0.014543339150668966
2014-04-28,1869.4,1865.0,1877.0,1850.6,,0.32,0.003219920575292523,0.28463441451347093,0.1332551421104028,-0.011370246972341236
2014-04-29,1878.3,1870.8,1880.6,1870.8,,0.48,0.00476088584572576,0.2907504123144604,0.1332981604430824,-0.006663493574488366
2014-04-30,1884.0,1877.1,1885.2,1872.7,,0.3,0.003034659000159756,0.2946673996701503,0.1309585990628957,-0.0036490560050770338
2014-05-01,1883.7,1884.4,1888.6,1878.0,,-0.02,-0.00015923566878983664,0.29446124244090344,0.12865780238311553,-0.0038077106139933203
2014-05-02,1881.1,1885.3,1891.3,1878.5,,-0.14,-0.0013802622498275685,0.2926745464540974,0.12830111583413262,-0.0051827172246021735
2014-05-05,1884.7,1879.5,1885.5,1866.8,,0.19,0.001913773855722889,0.2951484332050598,0.12846310240766817,-0.0032788619176054024
2014-05-06,1867.7,1883.7,1883.7,1867.7,,-0.9,-0.009020003183530578,0.28346619021440556,0.12467184012404421,-0.012269289756200785
2014-05-07,1878.2,1868.5,1878.8,1859.8,,0.56,0.005621887883493049,0.29068169323804494,0.11948619220215585,-0.006716378444127202
2014-05-08,1875.6,1877.4,1889.1,1870.0,,-0.14,-0.001384304120966906,0.2888949972512389,0.11923943790162132,-0.008091385054735944
2014-05-09,1878.5,1875.3,1878.6,1867.0,,0.15,0.0015461718916613965,0.2908878504672918,0.11333700843914388,-0.006557723835210805
2014-05-12,1896.7,1880.0,1897.1,1880.0,,0.97,0.009688581314878819,0.30339472237493337,0.08848426824909228,0.0
2014-05-13,1897.5,1896.8,1902.2,1896.1,,0.04,0.00042178520588387336,0.3039444749862583,0.07891568097827509,0.0
2014-05-14,1888.5,1897.1,1897.1,1885.8,,-0.47,-0.004743083003952542,0.29775975810885313,0.07906539179535974,-0.004743083003952542
2014-05-15,1870.8,1888.2,1888.2,1862.4,,-0.94,-0.009372517871326425,0.28559648158328965,0.08504238070921484,-0.01407114624505934
2014-05-16,1877.9,1871.2,1878.3,1864.8,,0.38,0.0037951678426342284,0.2904755360087983,0.07827817123509118,-0.010329380764163343
2014-05-19,1885.1,1876.7,1886.0,1872.4,,0.38,0.003834069971776932,0.2954233095107224,0.07912386984198375,-0.006534914361001398
2014-05-20,1872.8,1884.9,1884.9,1868.1,,-0.65,-0.006524852792955227,0.28697086311160214,0.08177818731984457,-0.013017127799736516
2014-05-21,1888.0,1873.3,1888.8,1873.3,,0.81,0.008116189662537465,0.2974161627267755,0.08541933775486417,-0.0050065876152832756
2014-05-22,1892.5,1888.2,1896.3,1885.4,,0.24,0.002383474576271194,0.3005085211654781,0.08526003388388746,-0.0026350461133070047
2014-05-23,1900.5,1893.3,1901.3,1893.3,,0.42,0.0042272126816380595,0.30600604727872716,0.08617187425088388,0.0
2014-05-27,1911.9,1902.0,1912.3,1902.0,,0.6,0.005998421468034865,0.3138400219901072,0.08206073758623034,0.0
2014-05-28,1909.8,1911.8,1914.5,1907.3,,-0.11,-0.0010983838066844775,0.3123969213853792,0.08210943085820382,-0.0010983838066844775
2014-05-29,1920.0,1910.6,1920.0,1909.8,,0.53,0.005340873389883871,0.31940626717977194,0.08246516895613445,0.0
2014-05-30,1923.6,1920.3,1924.0,1916.6,,0.19,0.001874999999999849,0.3218801539307339,0.08221257314703465,0.0
2014-06-02,1925.0,1923.9,1925.9,1916.0,,0.07,0.0007278020378458372,0.3228422210005526,0.08211182188182631,0.0
2014-06-03,1924.2,1923.1,1925.1,1918.8,,-0.04,-0.0004155844155844246,0.32229246838922765,0.08182013946412911,-0.0004155844155844246
2014-06-04,1927.9,1923.1,1928.6,1918.6,,0.19,0.001922877039808757,0.3248350742166053,0.08182129756323413,0.0
2014-06-05,1940.5,1928.5,1941.7,1922.9,,0.65,0.006535608693396977,0.33349367784497264,0.07506241312244083,0.0
2014-06-06,1949.4,1942.4,1949.4,1942.4,,0.46,0.004586446792063992,0.33960967564596234,0.0744873939355623,0.0
2014-06-09,1951.3,1949.0,1955.5,1947.2,,0.1,0.0009746588693957392,0.3409153380978591,0.07366691496670735,0.0
2014-06-10,1950.8,1950.3,1950.9,1944.6,,-0.03,-0.00025623943012353934,0.34057174271578106,0.07403848011377412,-0.00025623943012353934
2014-06-11,1943.9,1949.4,1949.4,1940.1,,-0.35,-0.003537010457248191,0.33583012644310384,0.07039175197213979,-0.003792343565827805
2014-06-12,1930.1,1943.3,1943.3,1925.8,,-0.71,-0.00709913061371481,0.3263468938977492,0.07601038498116325,-0.01086455183723678
2014-06-13,1936.2,1930.8,1937.3,1927.7,,0.32,0.003160458007357203,0.33053875755910167,0.07361176176918587,-0.007738430789729911
2014-06-16,1937.8,1934.8,1941.2,1930.9,,0.08,0.0008263609131287097,0.33163826278175135,0.06284860632701886,-0.006918464613334674
2014-06-17,1942.0,1937.2,1943.7,1933.5,,0.22,0.002167406337083344,0.3345244639912073,0.06241123111533571,-0.004766053400297232
2014-06-18,1957.0,1942.7,1957.7,1939.3,,0.77,0.007723995880535517,0.34483232545354925,0.06553668720110872,0.0
2014-06-19,1959.5,1957.5,1959.9,1952.3,,0.13,0.0012774655084313302,0.3465503023639396,0.05822620879244608,0.0
2014-06-20,1962.9,1960.5,1963.9,1959.2,,0.17,0.001735136514416924,0.34888675096207034,0.05405304398509814,0.0
2014-06-23,1962.6,1962.9,1963.7,1958.9,,-0.02,-0.00015283509093699799,0.34868059373282323,0.05445602352415452,-0.00015283509093699799
2014-06-24,1950.0,1962.0,1968.2,1948.3,,-0.64,-0.006420055029043081,0.3400219901044561,0.06048334231712031,-0.006571908910285806
2014-06-25,1959.5,1949.3,1960.8,1947.5,,0.49,0.004871794871794899,0.34655030236393936,0.05948230361119785,-0.0017321310306179782
2014-06-26,1957.2,1959.9,1959.9,1944.7,,-0.12,-0.0011737688185761153,0.34496976360638043,0.0595192227047957,-0.0029038667278007413
2014-06-27,1961.0,1956.6,1961.5,1952.2,,0.19,0.0019415491518495198,0.34758108851017355,0.057656971755811644,-0.0009679555759336544
2014-06-30,1960.2,1960.8,1964.2,1958.2,,-0.04,-0.0004079551249361879,0.3470313358988488,0.057769151145609945,-0.0013755158184319827
2014-07-01,1973.3,1962.3,1978.6,1962.3,,0.67,0.006682991531476334,0.356033534909294,0.06112584103518248,0.0
2014-07-02,1974.6,1973.1,1976.7,1972.6,,0.07,0.0006587949120762104,0.35692688290269703,0.06088356797756536,0.0
2014-07-03,1985.4,1975.9,1985.6,1975.9,,0.55,0.005469462169553463,0.3643485431555835,0.06260088453849418,0.0
2014-07-07,1977.7,1984.2,1984.2,1974.9,,-0.39,-0.003878311675229229,0.3590571742715811,0.06224619973568541,-0.003878311675229229
2014-07-08,1963.7,1976.4,1976.4,1959.5,,-0.71,-0.007078930070283707,0.3494365035733953,0.06653858037137436,-0.01092978744837314
2014-07-09,1972.8,1965.1,1974.2,1965.1,,0.46,0.004634109079798332,0.35568993952721617,0.06815489680048004,-0.006346328195829587
2014-07-10,1964.7,1966.7,1969.8,1952.9,,-0.41,-0.0041058394160583545,0.35012369433755164,0.06999476157746173,-0.010426110607434258
2014-07-11,1967.6,1965.8,1968.7,1959.6,,0.15,0.00147605232350978,0.3521165475536041,0.06863031471362321,-0.008965447768711665
2014-07-14,1977.1,1969.9,1979.8,1969.9,,0.48,0.004828217117300193,0.35864485981308736,0.06408827451231545,-0.0041805177797925586
2014-07-15,1973.3,1977.4,1982.5,1965.3,,-0.19,-0.0019220069799200656,0.356033534909294,0.0645004943517891,-0.006094489775360201
2014-07-16,1981.6,1976.3,1983.9,1975.7,,0.42,0.004206152130948215,0.36173721825178995,0.06549877146881368,-0.0019139719955677537
2014-07-17,1958.1,1979.8,1981.8,1955.6,,-1.19,-0.0118591037545418,0.34558823529412086,0.07914653731217376,-0.013750377757630772
2014-07-18,1978.2,1961.5,1979.9,1960.8,,1.03,0.01026505285736179,0.3594007696536592,0.08252467152866005,-0.0036264732547597323
2014-07-21,1973.6,1976.9,1976.9,1965.8,,-0.23,-0.0023253462743909603,0.3562396921385409,0.08305339711871061,-0.005943386723078592
2014-07-22,1983.5,1975.7,1986.2,1975.7,,0.5,0.005016214025131749,0.3630428807036865,0.08450565181557054,-0.0009569859977838213
2014-07-23,1987.0,1985.3,1989.2,1982.4,,0.18,0.001764557600201666,0.36544804837823297,0.08457693244706528,0.0
2014-07-24,1988.0,1988.1,1991.4,1985.8,,0.05,0.0005032712632109249,0.3661352391423891,0.08064310675719555,0.0
2014-07-25,1978.3,1984.6,1984.6,1974.4,,-0.49,-0.004879275653923543,0.35946948873007467,0.08170763910974209,-0.004879275653923543
2014-07-28,1978.9,1978.2,1981.5,1967.3,,0.03,0.00030329070414003567,0.35988180318856844,0.08149374493277517,-0.004577464788732333
2014-07-29,1970.0,1980.0,1984.8,1970.0,,-0.45,-0.004497448077214639,0.35376580538757874,0.0831322796378103,-0.00905432595573441
2014-07-30,1970.1,1973.2,1978.9,1962.4,,0.01,5.076142131965611e-05,0.3538345244639942,0.08310302788118856,-0.009004024144869227
2014-07-31,1930.7,1965.1,1965.1,1930.7,,-2.0,-0.01999898482310536,0.3267592083562427,0.10547891658590312,-0.028822937625754497
2014-08-01,1925.2,1929.8,1937.3,1916.4,,-0.28,-0.0028487077225877178,0.322979659153384,0.10547634320373962,-0.031589537223340014
2014-08-04,1939.0,1926.6,1942.9,1921.2,,0.72,0.007168086432578491,0.33246289169873866,0.10697996373384583,-0.02464788732394363
2014-08-05,1920.2,1936.3,1936.3,1913.8,,-0.97,-0.009695719443011841,0.31954370533260334,0.11071391248777626,-0.034104627766599616
2014-08-06,1920.2,1917.3,1927.9,1911.5,,0.0,0.0,0.31954370533260334,0.1088228435226679,-0.034104627766599616
2014-08-07,1909.6,1923.0,1928.9,1904.8,,-0.55,-0.00552025830642644,0.31225948323254826,0.10782793277292754,-0.03943661971830992
2014-08-08,1931.6,1910.3,1932.4,1909.0,,1.15,0.011520737327188835,0.32737768004398293,0.11636879763519402,-0.02837022132796785
2014-08-11,1936.9,1933.4,1944.9,1933.4,,0.27,0.0027438393042038545,0.3310197910940105,0.11676112115941169,-0.025704225352112586
2014-08-12,1933.8,1935.7,1939.7,1928.3,,-0.16,-0.0016004956373587564,0.3288894997251264,0.1150210044701177,-0.027263581488933597
2014-08-13,1946.7,1935.6,1948.4,1935.6,,0.67,0.006670803599131192,0.3377542605827404,0.1179934753260939,-0.02077464788732397
2014-08-14,1955.2,1947.4,1955.2,1947.4,,0.44,0.004366363589664468,0.3435953820780673,0.11807731182153884,-0.016498993963782627
2014-08-15,1955.1,1958.9,1964.0,1941.5,,-0.01,-5.114566284780686e-05,0.3435266630016516,0.1107641497560639,-0.01654929577464792
2014-08-18,1971.7,1958.4,1972.0,1958.4,,0.85,0.008490614290829201,0.35493402968664345,0.10883586724538599,-0.008199195171026186
2014-08-19,1981.6,1972.7,1982.6,1972.7,,0.5,0.005021047826748504,0.36173721825178906,0.10994198801246881,-0.0032193158953722767
2014-08-20,1986.5,1980.5,1988.6,1977.7,,0.25,0.002472749293500165,0.365104452996154,0.10889065288549547,-0.0007545271629778583
2014-08-21,1992.4,1986.8,1994.8,1986.8,,0.3,0.0029700478228040783,0.3691588785046753,0.10920323696322952,0.0
2014-08-22,1988.4,1992.6,1993.5,1984.8,,-0.2,-0.002007628990162602,0.3664101154480508,0.10944756062233797,-0.002007628990162602
2014-08-25,1997.9,1991.7,2002.0,1991.7,,0.48,0.004777710722188688,0.37293842770753405,0.1090989967925556,0.0
2014-08-26,2000.0,1998.6,2005.0,1998.6,,0.11,0.0010511036588416456,0.3743815283122618,0.10911343775530705,0.0
2014-08-27,2000.1,2000.5,2002.1,1996.2,,0.0,4.999999999988347e-05,0.37445024738867727,0.10760122533221164,0.0
2014-08-28,1996.7,1997.4,1998.5,1990.5,,-0.17,-0.001699915004249708,0.3721137987905465,0.1079138558947288,-0.001699915004249708
2014-08-29,2003.4,1998.5,2003.4,1994.7,,0.34,0.0033555366354485194,0.37671797691039255,0.07766288140549389,0.0
2014-09-02,2002.3,2004.1,2006.1,1994.8,,-0.05,-0.000549066586802538,0.3759620670698207,0.07633574570922667,-0.000549066586802538
2014-09-03,2000.7,2003.6,2009.3,1998.1,,-0.08,-0.0007990810567846118,0.37486256184717104,0.07434831804109465,-0.0013477088948786742
2014-09-04,1997.7,2001.7,2011.2,1992.5,,-0.15,-0.0014994751836857612,0.37280098955470264,0.06340921236401548,-0.002845163222521707
2014-09-05,2007.7,1998.0,2007.7,1990.1,,0.5,0.005005756620113155,0.37967289719626396,0.06389494342197848,0.0
2014-09-08,2001.5,2007.2,2007.2,1995.6,,-0.31,-0.0030881107735220015,0.37541231445849577,0.06070047877844086,-0.0030881107735220015
2014-09-09,1988.4,2000.7,2001.0,1984.6,,-0.65,-0.006545091181613727,0.3664101154480506,0.058132596585192944,-0.009612989988544096
2014-09-10,1995.7,1988.4,1996.7,1983.0,,0.37,0.003671293502313322,0.37142660802639016,0.05849293247673247,-0.005976988593913379
2014-09-11,1997.5,1992.8,1997.7,1985.9,,0.09,0.0009019391692137724,0.37266355140187124,0.057492286375505214,-0.005080440304826461
2014-09-12,1985.5,1996.7,1996.7,1980.3,,-0.6,-0.006007509386733445,0.36441726223199766,0.05998674958769297,-0.01105742889873984
2014-09-15,1984.1,1986.0,1987.2,1978.5,,-0.07,-0.0007051120624528284,0.36345519516217895,0.05890713567769672,-0.011754744234696468
2014-09-16,1999.0,1981.9,2002.3,1979.1,,0.75,0.007509702131949014,0.3736943375481052,0.06333940272541912,-0.004333316730587233
2014-09-17,2001.6,1999.3,2010.7,1993.3,,0.13,0.0013006503251624668,0.375481033534911,0.057331499026574376,-0.003038302535239401
2014-09-18,2011.4,2003.1,2012.3,2003.1,,0.49,0.004896083133493212,0.38221550302364116,0.05721497776062275,0.0
2014-09-19,2010.4,2012.7,2019.3,2006.6,,-0.05,-0.0004971661529282745,0.381528312259485,0.05699132589079617,-0.0004971661529282745
2014-09-22,1994.3,2009.1,2009.1,1991.0,,-0.8,-0.008008356545961104,0.3704645409565712,0.0634974905477719,-0.008501541215074182
2014-09-23,1982.8,1992.8,1995.4,1982.8,,-0.58,-0.005766434337862947,0.3625618471687757,0.06630733433096155,-0.014218951973749672
2014-09-24,1998.3,1983.3,1999.8,1978.6,,0.78,0.007817228162194878,0.37321330401319575,0.06987938717184873,-0.006512876603360862
2014-09-25,1966.0,1997.3,1997.3,1966.0,,-1.62,-0.016163739178301495,0.3510170423309529,0.08939515454904003,-0.022571343342945305
2014-09-26,1982.8,1966.2,1986.4,1966.2,,0.85,0.008545269582909354,0.3625618471687757,0.09507739125342428,-0.014218951973749672
2014-09-29,1977.8,1979.0,1981.3,1964.0,,-0.25,-0.0025216865039338066,0.35912589334799505,0.09526178075208543,-0.016704782738391266
2014-09-30,1972.3,1978.2,1985.2,1969.0,,-0.28,-0.002780867630700734,0.35534634414513633,0.09455380791289536,-0.019439196579496887
2014-10-01,1946.2,1971.4,1971.4,1941.7,,-1.32,-0.013233280941033265,0.33741066520066143,0.10399020997656318,-0.03241523317092576
2014-10-02,1946.2,1945.8,1952.3,1926.0,,0.0,0.0,0.33741066520066143,0.10407859335851775,-0.03241523317092576
2014-10-03,1967.9,1948.1,1971.2,1948.1,,1.11,0.011149933203165263,0.35232270478284966,0.11263599942260796,-0.021626727652381383
2014-10-06,1964.8,1970.0,1977.8,1958.4,,-0.16,-0.001575283296915586,0.35019241341396556,0.11073282982276311,-0.02316794272645928
2014-10-07,1935.1,1962.4,1962.4,1934.9,,-1.51,-0.015116042345276859,0.3297828477185285,0.12095154647687133,-0.037933777468430074
2014-10-08,1968.9,1935.5,1970.4,1925.2,,1.75,0.017466797581520366,0.3530098955470058,0.13616999213346398,-0.02112956149945311
2014-10-09,1928.2,1967.7,1967.7,1927.6,,-2.07,-0.020671440906089744,0.3250412314458513,0.15210087908702039,-0.04136422392363526
2014-10-10,1906.1,1925.6,1937.0,1906.0,,-1.15,-0.011461466652836871,0.3098543155580007,0.15553620649623856,-0.052351595903351034
2014-10-13,1874.7,1905.7,1912.1,1874.1,,-1.65,-0.01647342741723934,0.28827652556349825,0.16283387833516855,-0.06796261310529983
2014-10-14,1877.7,1877.1,1898.7,1871.8,,0.16,0.0016002560409664746,0.29033809785596665,0.16338116219635707,-0.0664711146465149
2014-10-15,1862.5,1874.2,1874.2,1820.7,,-0.81,-0.00809500985247913,0.2798927982407935,0.1601608900003248,-0.07402804017102516
2014-10-16,1862.8,1856.0,1876.0,1835.0,,0.02,0.00016107382550334393,0.2800989554700404,0.15979543830174117,-0.07387889032514672
2014-10-17,1886.8,1864.9,1898.2,1864.9,,1.29,0.012883830792355555,0.29659153380978753,0.167223547350163,-0.06194690265486735
2014-10-20,1904.0,1885.6,1905.0,1882.3,,0.91,0.009115963536145966,0.30841121495327317,0.17226715923573208,-0.05339564482450043
2014-10-21,1941.3,1909.4,1942.5,1909.4,,1.96,0.019590336134453823,0.3340434304562969,0.1870988837008345,-0.034851347320274506
2014-10-22,1927.1,1941.3,1949.3,1926.8,,-0.73,-0.007314686035131079,0.3242853216052799,0.18764943817939558,-0.04191110669185649
2014-10-23,1950.8,1931.0,1962.0,1931.0,,1.23,0.012298272014944711,0.34057174271578017,0.19100158091869232,-0.030128268867455565
2014-10-24,1964.6,1951.6,1965.3,1946.3,,0.71,0.007074020914496604,0.3500549752611348,0.18473291759577348,-0.023267375957044978
2014-10-27,1961.6,1963.0,1964.6,1951.4,,-0.15,-0.0015270284027283365,0.34799340296866643,0.18216051969393432,-0.024758874415829912
2014-10-28,1985.0,1964.1,1985.0,1964.1,,1.19,0.011929037520391539,0.3640736668499198,0.1869052244170295,-0.013125186437307423
2014-10-29,1982.3,1983.3,1991.4,1969.0,,-0.14,-0.0013602015113350907,0.3622182517866981,0.18668065083544688,-0.014467535050213809
2014-10-30,1994.7,1979.5,1999.4,1974.8,,0.63,0.006255359935428695,0.37073941726223425,0.18099076701171973,-0.008302674753902783
2014-10-31,2018.0,2001.2,2018.2,2001.2,,1.17,0.01168095452950313,0.38675096206707194,0.18447635461170733,0.0
2014-11-03,2017.8,2018.2,2024.5,2013.7,,-0.01,-9.910802775026095e-05,0.38661352391424075,0.18137526976284263,-9.910802775026095e-05
2014-11-04,2012.1,2015.8,2016.0,2001.0,,-0.28,-0.0028248587570621764,0.38269653655855085,0.18167239801561375,-0.0029236868186323095
2014-11-05,2023.6,2015.3,2023.8,2014.4,,0.57,0.005715421698722745,0.39059923034634636,0.17218968977882426,0.0
2014-11-06,2031.2,2023.3,2031.6,2015.9,,0.38,0.003755682941292804,0.39582188015393305,0.16317484341982527,0.0
2014-11-07,2031.9,2032.4,2034.3,2025.1,,0.03,0.0003446238676645397,0.3963029136888425,0.1420054285594555,0.0
2014-11-10,2038.3,2032.0,2038.7,2030.2,,0.31,0.0031497613071509445,0.40070093457944167,0.13256549702132656,0.0
2014-11-11,2039.7,2038.2,2041.3,2035.3,,0.07,0.0006868468822058826,0.4016630016492604,0.11218805200730628,0.0
2014-11-12,2038.2,2037.8,2040.3,2032.0,,-0.07,-0.0007354022650389869,0.4006322155030262,0.11311820604788882,-0.0007354022650389869
2014-11-13,2039.3,2039.2,2046.2,2030.4,,0.05,0.0005396918849964738,0.4013881253435978,0.10522473422001642,-0.00019610727067709277
2014-11-14,2039.8,2039.7,2042.2,2035.2,,0.02,0.00024518217035263135,0.40173172072567587,0.10518295534604177,0.0
2014-11-17,2041.3,2038.3,2043.1,2034.5,,0.07,0.0007353662123736893,0.40276250687191006,0.10110737432379432,0.0
2014-11-18,2051.8,2041.5,2056.1,2041.5,,0.51,0.005143780923921204,0.40997800989554967,0.09938471027028302,0.0
2014-11-19,2048.7,2051.2,2052.1,2040.4,,-0.15,-0.0015108685057024784,0.40784771852666535,0.08191189292956351,-0.0015108685057024784
2014-11-20,2052.8,2045.9,2053.8,2040.5,,0.2,0.0020012690974766656,0.4106652006597058,0.07367553733107775,0.0
2014-11-21,2063.5,2057.5,2071.5,2056.8,,0.52,0.005212392829306189,0.41801814183617614,0.06613997108965508,0.0
2014-11-24,2069.4,2065.1,2070.2,2065.1,,0.29,0.0028592197722316914,0.42207256734469745,0.06419996504722568,0.0
2014-11-25,2067.0,2070.2,2074.2,2064.8,,-0.12,-0.0011597564511452996,0.4204233095107226,0.06392273847589858,-0.0011597564511452996
2014-11-26,2072.8,2067.4,2073.3,2066.6,,0.28,0.002805999032414297,0.4244090159428284,0.05401701912363131,0.0
2014-11-28,2067.6,2074.8,2075.8,2065.1,,-0.25,-0.0025086839058280352,0.42083562396921637,0.05507179930485832,-0.0025086839058280352
2014-12-01,2053.4,2065.8,2065.8,2049.6,,-0.69,-0.006867866124975697,0.41107751511819957,0.06080192361985197,-0.009359320725588649
2014-12-02,2066.6,2053.8,2068.8,2053.8,,0.64,0.006428362715496183,0.42014843320506046,0.05162999967515957,-0.002991123118487149
2014-12-03,2074.3,2067.4,2076.3,2066.7,,0.37,0.003725926642795141,0.42543980208906307,0.05217177543253596,0.0
2014-12-04,2071.9,2073.6,2077.3,2062.3,,-0.12,-0.001157016824953061,0.4237905442550882,0.05080377419468934,-0.001157016824953061
2014-12-05,2075.4,2072.8,2079.5,2070.8,,0.17,0.0016892707176987543,0.4261957119296347,0.04835030276061191,0.0
2014-12-08,2060.3,2074.8,2075.8,2054.3,,-0.73,-0.007275705888021511,0.41581913139087723,0.055588004599969876,-0.007275705888021511
2014-12-09,2059.8,2056.6,2060.6,2034.2,,-0.02,-0.0002426831044022304,0.41547553600879916,0.055670279705532025,-0.007516623301532244
2014-12-10,2026.1,2058.9,2058.9,2024.3,,-1.64,-0.016360811729294267,0.39231720725673735,0.08025444112159126,-0.023754456972150062
2014-12-11,2035.3,2027.9,2055.5,2027.9,,0.45,0.004540743299935812,0.3986393622869737,0.081928516804949,-0.019321576563554044
2014-12-12,2002.3,2030.4,2032.2,2002.3,,-1.62,-0.01621382597160126,0.3759620670698214,0.09919160626038488,-0.03522212585525686
2014-12-15,1989.6,2005.0,2018.7,1982.3,,-0.63,-0.006342705888228606,0.36723474436503833,0.10084802676814644,-0.04134142815842734
2014-12-16,1972.7,1986.7,2016.9,1972.6,,-0.85,-0.008494169682348174,0.3556212204507998,0.10381956680354278,-0.04948443673508718
2014-12-17,2012.9,1973.8,2016.8,1973.8,,2.04,0.020378161910072468,0.38324628916987624,0.12864774078872715,-0.030114676688831055
2014-12-18,2061.2,2019.0,2061.2,2019.0,,2.4,0.023995230761587605,0.4164376030786172,0.1534937482447462,-0.006842054543702569
2014-12-19,2070.7,2061.0,2077.8,2061.0,,0.46,0.004608965651077046,0.42296591533810046,0.1540660383844016,-0.0022646236870002
2014-12-22,2078.5,2069.3,2078.8,2069.3,,0.38,0.003766842130680459,0.42832600329851833,0.15439614129936033,0.0
2014-12-23,2082.2,2081.5,2086.7,2079.8,,0.18,0.001780129901371108,0.430868609125896,0.1535703059716363,0.0
2014-12-24,2081.9,2083.2,2087.6,2081.9,,-0.01,-0.00014407837863783524,0.4306624518966493,0.15333480191600174,-0.00014407837863783524
2014-12-26,2088.8,2084.3,2092.7,2084.3,,0.33,0.003314280224794741,0.43540406816932675,0.15356979513829375,0.0
2014-12-29,2090.6,2087.6,2093.6,2085.8,,0.09,0.0008617387973954838,0.4366410115448076,0.1533565186742797,0.0
2014-12-30,2080.3,2088.5,2088.5,2079.5,,-0.49,-0.0049268152683439315,0.42956294667399963,0.15417125655866998,-0.0049268152683439315
2014-12-31,2058.9,2082.1,2085.6,2057.9,,-1.03,-0.010286977839734646,0.4148570643210585,0.15661988923935266,-0.015163111068592694
2015-01-02,2058.2,2058.9,2072.4,2046.0,,-0.03,-0.0003399873718977764,0.41437603078614904,0.15496026261124848,-0.015497943174208384
2015-01-05,2020.6,2054.4,2054.4,2017.3,,-1.83,-0.018268389855213285,0.38853765805387863,0.16634339067543438,-0.03348321056156123
2015-01-06,2002.6,2022.2,2030.2,1992.4,,-0.89,-0.008908245075720078,0.37616822429906827,0.1684739466202439,-0.04209317899167708
2015-01-07,2025.9,2005.5,2029.6,2005.5,,1.16,0.011634874662938222,0.3921797691039062,0.17431613408476834,-0.03094805319047156
2015-01-08,2062.1,2030.6,2064.1,2030.6,,1.79,0.017868601609161372,0.4170560747663581,0.18453852799635717,-0.013632450014349984
2015-01-09,2044.8,2063.4,2064.4,2038.3,,-0.84,-0.008389505843557465,0.4051676745464572,0.1868754973665394,-0.021907586338850038
2015-01-12,2028.3,2046.1,2049.3,2022.6,,-0.81,-0.00806924882629112,0.393829026937881,0.17996628927414499,-0.029800057399789526
2015-01-13,2023.0,2031.6,2056.9,2008.2,,-0.26,-0.0026130256865355417,0.3901869158878535,0.17945391473248695,-0.032335214770879084
2015-01-14,2011.3,2018.4,2018.4,1988.4,,-0.58,-0.005783489866534874,0.3821467839472268,0.1711941189800539,-0.037931694250454395
2015-01-15,1992.7,2013.8,2021.3,1991.5,,-0.92,-0.009247750211306083,0.3693650357339229,0.17289504890537458,-0.04682866162824062
2015-01-16,2019.4,1992.2,2020.5,1988.1,,1.34,0.013398906006925282,0.38771302913689154,0.1757446714916893,-0.03405720845690219
2015-01-20,2022.5,2020.8,2028.9,2004.5,,0.15,0.0015351094384470354,0.3898433205057754,0.16133003608119573,-0.03257438056060458
2015-01-21,2032.1,2020.2,2038.3,2012.0,,0.47,0.004746600741656337,0.39644035184167414,0.1377240486885575,-0.027982397397876224
2015-01-22,2063.2,2034.3,2064.6,2026.4,,1.53,0.015304364942670068,0.4178119846069297,0.14749783190426288,-0.01310628527695401
2015-01-23,2051.8,2063.0,2063.0,2050.5,,-0.55,-0.005525397440868329,0.4099780098955501,0.14791502631245448,-0.018559265282693804
2015-01-26,2057.1,2050.4,2057.6,2041.0,,0.26,0.0025830977678134026,0.4136201209455772,0.14810209846908357,-0.016024107911604357
2015-01-27,2029.5,2047.9,2047.9,2019.9,,-1.34,-0.013416946186378786,0.3946536558548681,0.1546518085243499,-0.029226059504448454
2015-01-28,2002.2,2032.3,2042.5,2001.5,,-1.35,-0.013451589061345137,0.3758933479934057,0.1593629419004085,-0.042284511623457366
2015-01-29,2021.2,2002.5,2024.6,1989.2,,0.95,0.009489561482369346,0.3889499725123722,0.16402656160220355,-0.033196211613890636
2015-01-30,1995.0,2019.3,2023.3,1993.4,,-1.3,-0.012962596477340216,0.3709455744914816,0.16841106864992494,-0.045728498995503686
2015-02-02,2020.8,1996.7,2021.7,1980.9,,1.29,0.012932330827067684,0.3886750962067098,0.17305151580250697,-0.03338754424567103
2015-02-03,2050.0,2022.7,2050.3,2022.7,,1.44,0.014449722882026839,0.4087410665200688,0.18098402486890344,-0.019420262125705468
2015-02-04,2041.5,2048.9,2054.7,2036.7,,-0.41,-0.004146341463414638,0.4028999450247417,0.16938939388970534,-0.023486080551037958
2015-02-05,2062.5,2043.5,2063.6,2043.5,,1.03,0.010286554004408588,0.41733095107202045,0.16894318314113058,-0.01344111738256959
2015-02-06,2055.5,2062.3,2072.4,2050.0,,-0.34,-0.0033939393939393936,0.41252061572292753,0.16552353052762514,-0.016789438438725712
2015-02-09,2046.7,2053.5,2056.2,2041.9,,-0.43,-0.004281196789102437,0.40647333699835353,0.15403281649986833,-0.020998756337893387
2015-02-10,2068.6,2049.4,2070.9,2048.6,,1.07,0.010700151463331142,0.4215228147333727,0.15560653132445185,-0.010523294747919243
2015-02-11,2068.5,2068.6,2073.5,2058.0,,0.0,-4.834187373092824e-05,0.42145409565695724,0.15242621418971072,-0.010571127905864341
2015-02-12,2088.5,2070.0,2088.5,2070.0,,0.97,0.009668842156151713,0.43519791094007965,0.15470031192715142,-0.001004496316846848
2015-02-13,2097.0,2088.8,2097.0,2086.7,,0.41,0.00406990663155371,0.44103903243540676,0.15255461910330073,0.0
2015-02-17,2100.3,2096.5,2101.3,2089.8,,0.16,0.0015736766809728575,0.44330676195712204,0.14697590412584455,0.0
2015-02-18,2099.7,2099.2,2100.2,2092.2,,-0.03,-0.0002856734752180179,0.44289444749862805,0.14180004347412742,-0.0002856734752180179
2015-02-19,2097.4,2099.2,2102.1,2090.8,,-0.11,-0.001095394580178044,0.4413139087410691,0.1421768176119819,-0.0013807551302195131
2015-02-20,2110.3,2097.7,2110.6,2085.4,,0.62,0.006150472012968589,0.45017866959868336,0.14262943747047052,0.0
2015-02-23,2109.7,2109.8,2110.1,2103.0,,-0.03,-0.0002843197649624596,0.4497663551401896,0.1340494127896326,-0.0002843197649624596
2015-02-24,2115.5,2109.1,2117.9,2105.9,,0.27,0.002749206048253461,0.4537520615722954,0.13194776975049669,0.0
2015-02-25,2113.9,2115.3,2119.6,2109.9,,-0.08,-0.0007563223824154086,0.45265255634964574,0.1321061523777494,-0.0007563223824154086
2015-02-26,2110.7,2113.9,2113.9,2103.8,,-0.15,-0.0015137896778467663,0.45045354590434594,0.12136109813918099,-0.002268967147246559
2015-02-27,2104.5,2110.9,2112.7,2103.8,,-0.29,-0.002937414128014293,0.4461929631665782,0.10949061926593419,-0.005199716379106545
2015-03-02,2117.4,2105.2,2117.5,2104.5,,0.61,0.006129722024233786,0.4550577240241922,0.10734644176686016,0.0
2015-03-03,2107.8,2115.8,2115.8,2098.3,,-0.45,-0.004533862283933043,0.44846069268829347,0.09564015298916291,-0.004533862283933043
2015-03-04,2098.5,2107.7,2107.7,2087.6,,-0.44,-0.004412183319100538,0.4420698185816414,0.0908752428774468,-0.008926041371493332
2015-03-05,2101.0,2098.5,2104.2,2095.2,,0.12,0.0011913271384322854,0.44378779549203173,0.078395900523188,-0.007745348068385782
2015-03-06,2071.3,2100.9,2100.9,2067.3,,-1.41,-0.014136125654450216,0.4233782297965947,0.09319305684030128,-0.021771984509303843
2015-03-09,2079.4,2072.2,2083.5,2072.2,,0.39,0.00391058755371021,0.4289444749862592,0.0873701832073534,-0.01794653820723524
2015-03-10,2044.2,2076.1,2076.1,2044.2,,-1.69,-0.016927959988458197,0.4047553600879634,0.10548268701580828,-0.034570699914990066
2015-03-11,2040.2,2044.7,2050.1,2039.7,,-0.2,-0.0019567556990509605,0.4020065970313389,0.10466516520385986,-0.03645980919996228
2015-03-12,2065.9,2041.1,2066.4,2041.1,,1.26,0.012596804234878967,0.41966739967015143,0.10731090750886221,-0.024322282044016208
2015-03-13,2053.4,2064.6,2064.6,2041.2,,-0.61,-0.006050631685947994,0.4110775151181998,0.10931224867298268,-0.030225748559554177
2015-03-16,2081.2,2055.3,2081.4,2055.3,,1.35,0.013538521476575305,0.43018141836174006,0.11447067309330769,-0.017096439028997934
2015-03-17,2074.3,2080.6,2080.6,2065.1,,-0.33,-0.003315394964443441,0.42543980208906307,0.11390428775497498,-0.02035515254557474
2015-03-18,2099.5,2072.8,2106.8,2061.2,,1.21,0.012148676662006475,0.44275700934579754,0.12193056093238583,-0.008453764050250334
2015-03-19,2089.3,2098.7,2098.7,2085.6,,-0.49,-0.004858299595141613,0.43574766355140504,0.12309360792173495,-0.01327099272692922
2015-03-20,2108.1,2090.3,2113.9,2090.3,,0.9,0.008998229071937924,0.44866684991754013,0.12707806729080803,-0.004392179087560288
2015-03-23,2104.4,2108.0,2114.9,2104.4,,-0.18,-0.001755134955647164,0.4461242440901625,0.12541083372718326,-0.006139605176159413
2015-03-24,2091.5,2103.9,2107.6,2091.5,,-0.61,-0.006130013305455262,0.43725948323254826,0.12713995546331805,-0.012231982620194648
2015-03-25,2061.1,2093.1,2097.4,2061.1,,-1.45,-0.014535022710973067,0.41636888400220173,0.1355938476277073,-0.02658921318598284
2015-03-26,2056.2,2059.9,2067.2,2045.5,,-0.24,-0.0023773713065838864,0.41300164925783656,0.135642531504266,-0.028903372060073762
2015-03-27,2061.0,2055.8,2062.8,2053.0,,0.23,0.0023344032681646976,0.41630016492578625,0.1362135846125217,-0.02663644091810713
2015-03-30,2086.2,2064.1,2089.0,2064.1,,1.22,0.012227074235807711,0.4336173721825205,0.14356573444704834,-0.014735052422782835
2015-03-31,2067.9,2084.1,2084.1,2067.0,,-0.88,-0.00877192982456132,0.42104178119846347,0.14433461193600441,-0.023377727401530213
2015-04-01,2059.7,2067.6,2067.6,2048.4,,-0.4,-0.003965375501716828,0.415406816932383,0.14417687364789492,-0.027250401435723215
2015-04-02,2067.0,2060.0,2072.2,2057.3,,0.35,0.003544205466815553,0.4204233095107228,0.14447967361329464,-0.02380277699064892
2015-04-06,2080.6,2064.9,2087.0,2056.5,,0.66,0.006579583938074451,0.4297691039032461,0.1465501214719423,-0.017379805421743777
2015-04-07,2076.3,2080.8,2089.8,2076.1,,-0.21,-0.002066711525521403,0.4268141836173749,0.13803776533699383,-0.019410597903088633
2015-04-08,2081.9,2076.9,2086.7,2073.3,,0.27,0.002697105427924562,0.4306624518966491,0.13768486758207643,-0.01676584490412769
2015-04-09,2091.2,2081.3,2093.3,2074.3,,0.45,0.004467073346462236,0.43705332600330093,0.12358451955717692,-0.012373665816567625
2015-04-10,2102.1,2091.5,2102.6,2091.5,,0.52,0.0052123182861514294,0.4445437053326027,0.1238365979457935,-0.007225843015018496
2015-04-13,2092.4,2102.0,2107.7,2092.3,,-0.46,-0.004614433185861633,0.43787795492028847,0.1185622309592074,-0.011806933031075828
2015-04-14,2095.8,2092.3,2098.6,2083.2,,0.16,0.00162492831198624,0.44021440351841923,0.11606493857246776,-0.010201190138849459
2015-04-15,2106.6,2097.8,2111.9,2097.8,,0.52,0.005153163469796551,0.44763606377130527,0.10800525985977466,-0.00510059506942484
2015-04-16,2105.0,2106.0,2111.3,2100.0,,-0.08,-0.0007595177062564851,0.4465365585486556,0.10719772411279012,-0.005856238783413681
2015-04-17,2081.2,2102.6,2102.6,2072.4,,-1.13,-0.011306413301662821,0.4301814183617396,0.10648401924488164,-0.017096439028997934
2015-04-20,2100.4,2084.1,2103.9,2084.1,,0.92,0.009225446857582309,0.4433754810335375,0.11015951375012531,-0.008028714461131625
2015-04-21,2097.3,2102.8,2109.6,2094.4,,-0.15,-0.0014759093505998244,0.44124518966465365,0.10558982458870486,-0.009492774156984907
2015-04-22,2108.0,2098.3,2110.0,2091.1,,0.51,0.005101797549229792,0.448598130841124,0.10699885492348878,-0.004439406819684577
2015-04-23,2112.9,2107.2,2120.5,2103.2,,0.23,0.002324478178368228,0.45196536558548916,0.10477842574848062,-0.0021252479455936557
2015-04-24,2117.7,2112.8,2120.9,2112.8,,0.23,0.002271759193525291,0.4552638812534384,0.08943119639556668,0.0
2015-04-27,2108.9,2119.3,2125.9,2107.0,,-0.42,-0.004155451669263677,0.44921660252886464,0.09055893194558334,-0.004155451669263677
2015-04-28,2114.8,2108.3,2116.1,2094.9,,0.28,0.002797667030205453,0.45327102803738595,0.09064485640619731,-0.0013694102091890148
2015-04-29,2106.8,2112.5,2113.7,2097.4,,-0.38,-0.003782863627766253,0.4477735019241369,0.08283072370331189,-0.005147093544883408
2015-04-30,2085.5,2105.5,2105.5,2077.6,,-1.01,-0.010110119612682822,0.43313633864761125,0.08482009506078897,-0.015205175426169837
2015-05-01,2108.3,2087.4,2108.4,2087.4,,1.09,0.010932630064732773,0.4488042880703711,0.09062272784010678,-0.004438777919440695
2015-05-04,2114.5,2110.2,2120.9,2110.2,,0.29,0.0029407579566473885,0.45306487080813884,0.090443827351277,-0.0015110733342776905
2015-05-05,2089.5,2112.6,2115.2,2088.5,,-1.18,-0.011823126034523512,0.43588510170423556,0.09849828346609293,-0.01331633375832264
2015-05-06,2080.2,2091.3,2098.4,2067.9,,-0.45,-0.004450825556353233,0.4294942275975835,0.09953694617853036,-0.01770789063606748
2015-05-07,2088.0,2080.0,2092.9,2075.0,,0.37,0.0037496394577445358,0.43485431555800136,0.09994782408097934,-0.014024649383765353
2015-05-08,2116.1,2092.1,2117.7,2092.1,,1.35,0.01345785440613012,0.4541643760307885,0.10925117889063794,-0.0007555366671387898
2015-05-11,2105.3,2115.6,2117.7,2104.6,,-0.51,-0.005103728557251386,0.4467427157779025,0.10959146094083791,-0.00585540917032612
2015-05-12,2099.1,2102.9,2105.1,2085.6,,-0.29,-0.0029449484634019862,0.4424821330401343,0.10883748596317792,-0.008783113755489458
2015-05-13,2098.5,2099.6,2110.2,2096.0,,-0.03,-0.00028583678719451555,0.4420698185816405,0.10871787747642851,-0.009066440005666476
2015-05-14,2121.1,2100.4,2121.4,2100.4,,1.08,0.010769597331427239,0.4576003298515692,0.11364690648885507,0.0
2015-05-15,2122.7,2122.1,2123.9,2116.8,,0.08,0.0007543255857809239,0.45869983507421885,0.11358147564448522,0.0
2015-05-18,2129.2,2121.3,2131.8,2120.0,,0.31,0.0030621378433126623,0.4631665750412335,0.10550391756077844,0.0
2015-05-19,2127.8,2129.4,2133.0,2124.5,,-0.07,-0.0006575239526580567,0.4622045079714152,0.10139697222296606,-0.0006575239526580567
2015-05-20,2125.8,2127.8,2134.7,2122.6,,-0.09,-0.0009399379640944172,0.46083012644310295,0.10127318603696682,-0.0015968438850271216
2015-05-21,2130.8,2125.6,2134.3,2122.9,,0.24,0.0023520556966789563,0.4642660802638836,0.10019662077710242,0.0
2015-05-22,2126.1,2130.4,2132.2,2126.1,,-0.22,-0.002205744321381764,0.4610362836723496,0.10040384677512758,-0.002205744321381764
2015-05-26,2104.2,2125.3,2125.3,2099.2,,-1.03,-0.010300550303372402,0.4459868059373302,0.10657365628969567,-0.012483574244415374
2015-05-27,2123.5,2105.1,2126.2,2105.1,,0.92,0.00917213192662314,0.4592495876855438,0.11040322104706395,-0.003425943307677981
2015-05-28,2120.8,2122.3,2122.3,2112.9,,-0.13,-0.0012714857546503033,0.4573941726223223,0.11016687812554611,-0.004693073024216288
2015-05-29,2107.4,2120.7,2120.7,2104.9,,-0.63,-0.006318370426254272,0.44818581638263,0.11164979318935526,-0.010981790876666064
2015-06-01,2111.7,2108.6,2119.2,2102.5,,0.2,0.002040428964600771,0.4511407366685012,0.10550020261614079,-0.008963769476253214
2015-06-02,2109.6,2110.4,2117.6,2099.1,,-0.1,-0.0009944594402613305,0.44969763606377344,0.0986735592284454,-0.009949314811338539
2015-06-03,2114.1,2110.6,2121.9,2109.6,,0.21,0.00213310580204773,0.45278999450247603,0.09841451953821323,-0.007837431950441287
2015-06-04,2095.8,2112.3,2112.9,2093.2,,-0.87,-0.00865616574428818,0.440214403518419,0.09413532964080501,-0.016425755584756896
2015-06-05,2092.8,2095.1,2101.0,2085.7,,-0.14,-0.0014314342971657457,0.4381528312259506,0.09284408044689375,-0.017833677492021804
2015-06-08,2079.3,2092.3,2093.0,2079.1,,-0.65,-0.006450688073394439,0.42887575590984284,0.09477791009449515,-0.02416932607471367
2015-06-09,2080.2,2079.1,2085.6,2072.1,,0.04,0.0004328379743181454,0.42949422759758327,0.0808807332548368,-0.02374694950253442
2015-06-10,2105.2,2081.1,2108.5,2081.1,,1.2,0.01201807518507847,0.4466739967014868,0.09057344417132532,-0.012014266941993812
2015-06-11,2108.9,2106.2,2115.0,2106.2,,0.18,0.0017575527265818458,0.44921660252886464,0.09010193928451028,-0.01027782992303361
2015-06-12,2094.1,2107.4,2107.4,2091.3,,-0.7,-0.007017876618142238,0.43904617921935385,0.09354638606048214,-0.01722357799887375
2015-06-15,2084.4,2091.3,2091.3,2072.5,,-0.46,-0.004632061506136154,0.43238042880703964,0.08593697533954296,-0.021775858832363437
2015-06-16,2096.3,2084.3,2097.4,2082.1,,0.57,0.005709076952600256,0.4405579989004975,0.08874645807815738,-0.016191101933546115
2015-06-17,2100.4,2097.4,2106.8,2088.9,,0.2,0.00195582693316787,0.4433754810335375,0.08825563174251957,-0.014266941993617444
2015-06-18,2121.2,2101.6,2126.7,2101.6,,0.99,0.009902875642734621,0.4576690489279849,0.09550366133259065,-0.004505350103247818
2015-06-19,2110.0,2121.1,2121.6,2109.4,,-0.53,-0.005280030171600947,0.44997251236943625,0.09713646171739344,-0.009761591890369847
2015-06-22,2122.8,2112.5,2129.9,2112.5,,0.61,0.00606635071090067,0.458768554150635,0.09926114795940807,-0.0037544584193730524
2015-06-23,2124.2,2123.2,2128.0,2119.9,,0.07,0.0006595063124172906,0.4597306212204533,0.09901321284737273,-0.0030974281959829097
2015-06-24,2108.6,2123.7,2125.1,2108.6,,-0.73,-0.007343941248469932,0.44901044529961776,0.09561824760126926,-0.010418622113760212
2015-06-25,2102.3,2110.0,2116.0,2101.8,,-0.3,-0.0029877643934362874,0.4446811434854343,0.090235047906662,-0.013375258119016298
2015-06-26,2101.5,2102.6,2108.9,2095.4,,-0.04,-0.0003805356038625307,0.44413139087410936,0.09018714957073576,-0.01375070396095368
2015-06-29,2057.6,2098.6,2098.6,2056.6,,-2.09,-0.02088984059005472,0.4139637163276553,0.11334717927597474,-0.0343532945372631
2015-06-30,2063.1,2061.2,2074.3,2056.3,,0.27,0.0026730171073094944,0.417743265530514,0.11358990641375813,-0.03177210437394418
2015-07-01,2077.4,2067.0,2082.8,2067.0,,0.69,0.006931316950220534,0.4275700934579467,0.11693714238371583,-0.025061009949314816
2015-07-02,2076.8,2078.0,2085.1,2071.0,,-0.03,-0.00028882256666984407,0.4271577789994532,0.11649631831239295,-0.025342594330767798
2015-07-06,2068.8,2073.9,2078.6,2058.4,,-0.39,-0.0038520801232665436,0.4216602528862041,0.11357756070221163,-0.02909705275014074
2015-07-07,2081.3,2069.5,2083.7,2044.0,,0.6,0.0060421500386698135,0.43025013743815577,0.11581092684996741,-0.023230711469870435
2015-07-08,2046.7,2077.7,2077.7,2044.7,,-1.66,-0.016624225243837998,0.40647333699835353,0.12746461287434727,-0.03946874413365875
2015-07-09,2051.3,2049.7,2074.3,2049.7,,0.22,0.0022475203986906944,0.4096344145134718,0.12782615515417164,-0.03730993054251919
2015-07-10,2076.6,2052.7,2081.3,2052.7,,1.23,0.012333642080631702,0.42702034084662177,0.1282237941557672,-0.0254364557912522
2015-07-13,2099.6,2080.0,2100.7,2080.0,,1.11,0.011075796975825947,0.4428257284222128,0.13431893131684083,-0.014642387835554826
2015-07-14,2108.9,2099.7,2112.0,2098.2,,0.44,0.004429415126690817,0.44921660252886486,0.13281727797045664,-0.01027782992303361
2015-07-15,2107.4,2109.0,2114.1,2102.5,,-0.07,-0.0007112712788657216,0.44818581638263066,0.1316464375823352,-0.010981790876666064
2015-07-16,2124.3,2110.6,2124.4,2110.6,,0.8,0.008019360349245552,0.4597993402968694,0.13302204095712897,-0.003050497465740598
2015-07-17,2126.6,2126.8,2128.9,2119.9,,0.11,0.0010827095984558,0.46137987905442834,0.13294970400420006,-0.001971090670170983
2015-07-20,2128.3,2126.8,2132.8,2123.7,,0.08,0.0007993981002540895,0.46254810335349394,0.1286136504837264,-0.0011732682560540164
2015-07-21,2119.2,2127.6,2128.5,2115.4,,-0.43,-0.004275713010384097,0.45629466739967284,0.12812150873444558,-0.005443964708091054
2015-07-22,2114.2,2118.2,2118.5,2110.0,,-0.24,-0.0023593808984522235,0.4528587135788922,0.1266080274977302,-0.0077905012201991974
2015-07-23,2102.2,2114.2,2116.9,2098.6,,-0.57,-0.005675905779964019,0.4446124244090186,0.12798418518997576,-0.01342218884925861
2015-07-24,2079.7,2102.2,2106.0,2077.1,,-1.07,-0.010703072971173011,0.42915063221550565,0.13075817273420148,-0.0239816031537452
2015-07-27,2067.6,2078.2,2078.2,2063.5,,-0.58,-0.005818146848103001,0.4208356239692166,0.13176643951665865,-0.029660221513046814
2015-07-28,2093.2,2070.8,2095.6,2069.1,,1.24,0.012381505126716874,0.4384277075316134,0.13942249832061626,-0.017645954571053335
2015-07-29,2108.6,2094.7,2110.6,2094.1,,0.74,0.007357156506783813,0.44901044529961776,0.11937893475941276,-0.010418622113760212
2015-07-30,2108.6,2106.8,2110.5,2095.0,,0.0,0.0,0.44901044529961776,0.11932063015617791,-0.010418622113760212
2015-07-31,2103.8,2111.6,2114.2,2102.1,,-0.23,-0.0022763919188085735,0.4457119296316685,0.11787238970596545,-0.012671297165383844
2015-08-03,2098.0,2104.5,2105.7,2087.3,,-0.28,-0.0027569160566595086,0.4417262231995627,0.1184230038229456,-0.01539327951942937
2015-08-04,2093.3,2097.7,2102.5,2088.6,,-0.22,-0.002240228789323062,0.4384964266080289,0.11780488977240841,-0.017599023840810912
2015-08-05,2099.8,2095.3,2112.7,2095.3,,0.31,0.0031051449863850333,0.44296316657504353,0.11652362855759381,-0.014548526375070425
2015-08-06,2083.6,2100.8,2103.3,2075.5,,-0.77,-0.007715020478140877,0.431830676195714,0.10342878039762612,-0.02215130467430082
2015-08-07,2077.6,2082.6,2082.6,2067.9,,-0.29,-0.002879631407179839,0.42770753161077724,0.10409210109287138,-0.024967148488830637
2015-08-10,2104.2,2081.0,2105.3,2081.0,,1.28,0.012803234501347571,0.4459868059373302,0.10476803841596717,-0.012483574244415374
2015-08-11,2084.1,2102.7,2102.7,2076.5,,-0.96,-0.009552323923581407,0.43217427157779187,0.10326058981466117,-0.02191665102309004
2015-08-12,2086.1,2081.1,2089.1,2052.1,,0.1,0.0009596468499593058,0.43354865310610435,0.10193543500611664,-0.020978036418246804
2015-08-13,2083.4,2086.2,2092.9,2078.3,,-0.13,-0.0012942811945735322,0.43169323804288284,0.10197081235464109,-0.02224516613478511
2015-08-14,2091.5,2083.2,2092.4,2080.6,,0.39,0.0038878755879812044,0.4372594832325476,0.0985556965560226,-0.01844377698516997
2015-08-17,2102.4,2089.7,2102.9,2079.3,,0.52,0.005211570643079089,0.44474986256184934,0.10052667176214573,-0.013328327388774208
2015-08-18,2096.9,2102.0,2103.5,2094.1,,-0.26,-0.0026160578386605904,0.4409703133589906,0.10065554127904651,-0.015909517552093133
2015-08-19,2079.6,2095.7,2096.2,2070.5,,-0.83,-0.008250274214316455,0.4290819131390895,0.10334603305164512,-0.024028533883987402
2015-08-20,2035.7,2076.6,2076.6,2035.7,,-2.11,-0.0211098288132332,0.3989142385926354,0.12489783666251089,-0.04463112446029671
2015-08-21,1970.9,2034.1,2034.1,1970.9,,-3.18,-0.03183180232843741,0.35438427707531805,0.16242893807525535,-0.07504223765721796
2015-08-24,1893.2,1965.2,1965.2,1867.0,,-3.94,-0.03942361357755342,0.3009895547003867,0.20456076729583297,-0.11150741505537831
2015-08-25,1867.6,1898.1,1948.0,1867.1,,-1.35,-0.013522079019649302,0.28339747113798963,0.20696808995210167,-0.12352168199737201
2015-08-26,1940.5,1872.8,1943.1,1872.8,,3.9,0.039034054401370755,0.3334936778449715,0.25073245004520694,-0.0893091796508354
2015-08-27,1987.7,1942.8,1989.6,1942.8,,2.43,0.024323627930945557,0.3659290819131409,0.2663741404176115,-0.06715787497653469
2015-08-28,1988.9,1986.1,1993.5,1975.2,,0.06,0.0006037128339286824,0.3667537108301282,0.2664586827755501,-0.06659470621362873
2015-08-31,1972.2,1986.7,1986.7,1966.0,,-0.84,-0.00839660113630647,0.35527762506872085,0.2671945036732421,-0.0744321381640699
2015-09-01,1913.8,1970.1,1970.1,1903.1,,-2.96,-0.02961160125747897,0.31514568444200286,0.28271129639553916,-0.10183968462549287
2015-09-02,1948.9,1916.5,1948.9,1916.5,,1.83,0.018340474448740762,0.33926608026388316,0.29331319654269167,-0.08536699831049377
2015-09-03,1951.1,1950.8,1975.0,1944.7,,0.11,0.0011288419108212988,0.3407778999450264,0.29285447965096134,-0.08433452224516624
2015-09-04,1921.2,1947.8,1947.8,1911.2,,-1.53,-0.015324688637178951,0.32023089609675814,0.2954652268215183,-0.0983668105875728
2015-09-08,1969.4,1927.3,1970.4,1927.3,,2.51,0.0250884863626899,0.35335349092908364,0.31186283983688085,-0.07574619861085041
2015-09-09,1942.0,1971.5,1988.6,1937.9,,-1.39,-0.01391286686300397,0.3345244639912057,0.3092169415400942,-0.08860521869720306
2015-09-10,1952.3,1941.6,1965.3,1937.2,,0.53,0.005303810504634354,0.3416025288620139,0.3099146313236369,-0.08377135348226028
2015-09-11,1961.0,1951.5,1961.0,1939.2,,0.45,0.004456282333657802,0.34758108851017244,0.31070248866174843,-0.07968837995119216
2015-09-14,1953.0,1963.1,1963.1,1948.3,,-0.41,-0.004079551249362545,0.3420835623969234,0.3106869850913999,-0.0834428383705651
2015-09-15,1978.1,1955.1,1983.2,1954.3,,1.29,0.012852022529441731,0.35933205057724216,0.3146774257625343,-0.0716632250797824
2015-09-16,1995.3,1978.0,1997.3,1977.9,,0.87,0.008695212577726208,0.3711517317207278,0.3159767390108741,-0.06359113947813033
2015-09-17,1990.2,1995.3,2020.9,1986.7,,-0.26,-0.0025560066155464467,0.36764705882353166,0.31597604522337447,-0.06598460672048068
2015-09-18,1958.0,1989.7,1989.7,1953.5,,-1.62,-0.016179278464475977,0.34551951621770427,0.31903799781912967,-0.08109630185845695
2015-09-21,1967.0,1960.8,1979.6,1955.8,,0.46,0.004596527068437162,0.35170423309510945,0.31268403535054573,-0.07687253613666234
2015-09-22,1942.7,1961.4,1961.4,1929.2,,-1.24,-0.012353838332486045,0.3350054975261154,0.29565255839489013,-0.08827670358550788
2015-09-23,1938.8,1943.2,1949.5,1932.6,,-0.2,-0.0020075153137386614,0.33232545354590637,0.2598636464239181,-0.09010700206495226
2015-09-24,1932.2,1934.8,1937.2,1908.9,,-0.34,-0.003404167526304902,0.32778999450247603,0.2549281122016708,-0.09320443026093495
2015-09-25,1931.3,1935.9,1952.9,1921.5,,-0.05,-0.00046579029086024626,0.3271715228147354,0.2158507312823512,-0.09362680683311442
2015-09-28,1881.8,1929.2,1929.2,1879.2,,-2.56,-0.025630404390824868,0.2931555799890069,0.21387564840117307,-0.11685751830298485
2015-09-29,1884.1,1881.9,1899.5,1871.9,,0.12,0.0012222340312466606,0.294736118746566,0.2140000595260487,-0.11577811150741513
2015-09-30,1920.0,1887.1,1920.5,1887.1,,1.91,0.01905419032960043,0.3194062671797713,0.2252796654731998,-0.09892997935047876
2015-10-01,1923.8,1919.7,1927.2,1900.7,,0.2,0.001979166666666643,0.3220175920835646,0.20023211048249767,-0.09714661160127658
2015-10-02,1951.4,1921.8,1951.4,1893.7,,1.43,0.014346605676265778,0.34098405717427394,0.1961403294858758,-0.08419373005443964
2015-10-05,1987.0,1954.3,1989.2,1954.3,,1.82,0.018243312493594344,0.3654480483782323,0.2059491375050479,-0.06748639008822988
2015-10-06,1979.9,1986.6,1991.6,1972.0,,-0.36,-0.003573225968797167,0.3605689939527239,0.19812381187123643,-0.07081847193542334
2015-10-07,1995.8,1982.3,1999.3,1976.4,,0.8,0.008030708621647564,0.3714953271028063,0.18057849311817614,-0.06335648582691955
2015-10-08,2013.4,1994.0,2016.5,1987.5,,0.88,0.008818518889668336,0.3835898845519543,0.17447272952735027,-0.0550966773042989
2015-10-09,2014.9,2013.7,2020.1,2007.6,,0.07,0.0007450084434290627,0.3846206706981885,0.174026242620176,-0.05439271635066645
2015-10-12,2017.5,2015.7,2018.7,2010.5,,0.13,0.0012903866196833924,0.38640736668499454,0.17370795843396672,-0.05317251736437023
2015-10-13,2003.7,2015.0,2022.3,2001.8,,-0.68,-0.006840148698884718,0.3769241341396399,0.17506525720986313,-0.0596489581377887
2015-10-14,1994.2,2003.7,2009.6,1990.7,,-0.47,-0.00474122872685534,0.37039582188015663,0.17097166666589647,-0.0641073775107941
2015-10-15,2023.9,1996.5,2024.2,1996.5,,1.49,0.01489319025172997,0.3908053875755937,0.17601544966767793,-0.05016895062887183
2015-10-16,2033.1,2024.4,2033.5,2020.5,,0.45,0.00454567913434456,0.39712754260583005,0.17606077299159117,-0.04585132344659293
2015-10-19,2033.7,2031.7,2034.5,2022.3,,0.03,0.0002951158329644876,0.3975398570643238,0.16459395064883156,-0.04556973906513995
2015-10-20,2030.8,2033.1,2039.1,2026.6,,-0.14,-0.0014259723656390166,0.3955470038482709,0.1646541430825188,-0.046930730242162655
2015-10-21,2018.9,2033.5,2038.0,2017.2,,-0.59,-0.0058597597006104785,0.38736943375481303,0.15917918402531056,-0.05251548714097998
2015-10-22,2052.5,2021.9,2055.2,2021.9,,1.66,0.016642726237059646,0.4104590434304589,0.16638542331862965,-0.036746761779613335
2015-10-23,2075.2,2058.2,2079.7,2058.2,,1.11,0.011059683313032753,0.42605827377680283,0.16716517389890137,-0.026093486014642564
2015-10-26,2071.2,2075.1,2075.1,2066.5,,-0.19,-0.0019275250578257852,0.4233095107201783,0.1676734685481241,-0.027970715224329035
2015-10-27,2065.9,2068.8,2070.4,2058.8,,-0.26,-0.0025589030513710753,0.419667399670151,0.13277803906775543,-0.03045804392716356
2015-10-28,2090.3,2066.5,2090.3,2063.1,,1.18,0.011810833050970526,0.4364348543155605,0.13455155270657343,-0.01900694574807582
2015-10-29,2089.4,2088.3,2092.5,2082.6,,-0.04,-0.000430560206668984,0.43581638262781985,0.12551950006343376,-0.019429322320255293
2015-10-30,2079.4,2090.0,2094.3,2079.3,,-0.48,-0.004786062984588835,0.42894447498625854,0.12907281670063833,-0.02412239534447158
2015-11-02,2104.1,2080.8,2106.2,2080.8,,1.19,0.011878426469173808,0.44591808686091494,0.12678050995165396,-0.012530504974657575
2015-11-03,2109.8,2102.6,2116.5,2097.5,,0.27,0.0027089967206883614,0.44983507421660507,0.11509234251636313,-0.009855453350854138
2015-11-04,2102.3,2110.6,2114.6,2097.0,,-0.36,-0.0035548393212626594,0.4446811434854341,0.11507936038518328,-0.013375258119016298
2015-11-05,2099.9,2101.7,2108.8,2090.4,,-0.11,-0.00114160681158737,0.44303188565145923,0.11429587273794797,-0.014501595644828225
2015-11-06,2099.2,2098.6,2101.9,2083.7,,-0.03,-0.00033334920710526017,0.44255085211654976,0.11224778816095128,-0.014830110756523518
2015-11-09,2078.6,2096.6,2096.6,2068.2,,-0.98,-0.009813262195121908,0.4283947223749336,0.11947646853444377,-0.024497841186408964
2015-11-10,2081.7,2077.2,2083.7,2069.9,,0.15,0.001491388434523122,0.43052501374381746,0.11947384031518932,-0.023042988548901966
2015-11-11,2075.0,2083.4,2086.9,2074.8,,-0.32,-0.003218523322284561,0.42592083562397165,0.11691208291196309,-0.026187347475126743
2015-11-12,2046.0,2072.3,2072.3,2045.7,,-1.4,-0.013975903614457885,0.40599230346344384,0.12723566337573736,-0.03979725924535393
2015-11-13,2023.0,2044.6,2044.6,2022.0,,-1.12,-0.011241446725317683,0.3901869158878528,0.12410237053868711,-0.050591327201051306
2015-11-16,2053.2,2022.1,2053.2,2019.4,,1.49,0.014928324270884641,0.4109400769653677,0.1337246287756239,-0.036418246667918375
2015-11-17,2050.4,2053.7,2066.7,2045.9,,-0.14,-0.0013637249172022692,0.4090159428257307,0.13388038397312874,-0.03773230711469877
2015-11-18,2083.6,2052.0,2085.3,2052.0,,1.62,0.016191962543893768,0.431830676195714,0.14431784135735867,-0.02215130467430082
2015-11-19,2081.2,2083.7,2086.7,2078.8,,-0.12,-0.00115185256287198,0.4301814183617392,0.14229780101750136,-0.023277642200112858
2015-11-20,2089.2,2082.8,2097.1,2082.8,,0.38,0.0038439361906592584,0.43567894447498823,0.13162832478139969,-0.019523183780739806
2015-11-23,2086.6,2089.4,2095.6,2081.4,,-0.12,-0.001244495500670073,0.4338922484881824,0.12643345270940942,-0.020743382767036023
2015-11-24,2089.1,2084.4,2094.1,2070.3,,0.12,0.0011981213457299411,0.43561022539857275,0.12620580777537754,-0.019570114510981895
2015-11-25,2088.9,2089.3,2093.0,2086.3,,-0.01,-9.573500550463798e-05,0.4354727872457418,0.12575600333703657,-0.019663975971466185
2015-11-27,2090.1,2088.8,2093.3,2084.1,,0.06,0.0005744650294412512,0.4362974161627291,0.11892475429556447,-0.019100807208560333
2015-11-30,2080.4,2090.9,2093.8,2080.4,,-0.46,-0.004640926271470169,0.42963166575041467,0.12001604883050798,-0.02365308804205002
2015-12-01,2102.6,2082.9,2103.4,2082.9,,1.07,0.01067102480292248,0.44488730071468074,0.1244031141621149,-0.013234465928289918
2015-12-02,2079.5,2101.7,2104.3,2077.1,,-1.1,-0.010986397793208313,0.42901319406267424,0.12339686995647292,-0.02407546461422949
2015-12-03,2049.6,2080.7,2085.0,2042.3,,-1.44,-0.014378456359701919,0.4084661902144058,0.1316637644803043,-0.038107752956636154
2015-12-04,2091.7,2051.2,2093.8,2051.2,,2.05,0.020540593286494824,0.4373969213853788,0.15152720220854315,-0.018349915524685678
2015-12-07,2077.1,2090.4,2090.4,2066.8,,-0.7,-0.006979968446717888,0.4273639362286994,0.1533246405488649,-0.02520180214004142
2015-12-08,2063.6,2073.4,2073.8,2052.3,,-0.65,-0.006499446343459669,0.4180868609125916,0.1547340159103248,-0.031537450722733396
2015-12-09,2047.6,2061.2,2080.3,2036.5,,-0.78,-0.007753440589261529,0.4070918086860935,0.1533755790553508,-0.03904636756147939
2015-12-10,2052.2,2047.9,2067.7,2045.7,,0.22,0.0022465325258840263,0.4102528862012118,0.15353195160706298,-0.03688755397033994
2015-12-11,2012.4,2047.3,2047.3,2008.8,,-1.94,-0.01939382126498379,0.38290269378779795,0.16662780598457813,-0.055565984606720464
2015-12-14,2021.9,2013.4,2022.9,1993.3,,0.47,0.0047207314649175824,0.3894310060472812,0.16135946180533825,-0.05110756523371507
2015-12-15,2043.4,2025.5,2053.9,2025.5,,1.06,0.010633562490726556,0.40420560747663803,0.16082937010204995,-0.04101745823165015
2015-12-16,2073.1,2046.5,2076.7,2042.4,,1.45,0.014534599197415954,0.42461517317207487,0.16039032260909936,-0.02707903134972789
2015-12-17,2041.9,2073.8,2076.4,2041.7,,-1.5,-0.015049925232743178,0.4031748213304036,0.16916953584868277,-0.041721419185282604
2015-12-18,2005.5,2040.8,2040.8,2005.3,,-1.78,-0.017826534110387482,0.3781610775151203,0.1688234840954762,-0.058804204993429754
2015-12-21,2021.2,2010.3,2022.9,2005.9,,0.78,0.007828471702817197,0.3889499725123715,0.17206854512305672,-0.05143608034541025
2015-12-22,2039.0,2023.2,2042.7,2020.5,,0.88,0.008806649515139542,0.4011819681143507,0.1747882658345008,-0.04308241036230531
2015-12-23,2064.3,2042.2,2064.7,2042.2,,1.24,0.012408043158411042,0.41856789444750087,0.1809359969473262,-0.031208935611038102
2015-12-24,2061.0,2063.5,2067.4,2058.7,,-0.16,-0.0015986048539456954,0.4163001649257856,0.1808744508681702,-0.0327576497090295
2015-12-28,2056.5,2057.8,2057.8,2044.2,,-0.22,-0.0021834061135370675,0.413207806487083,0.1809481799131729,-0.034869532569926864
2015-12-29,2078.4,2060.5,2081.6,2060.5,,1.06,0.01064916119620718,0.4282572842221024,0.1851466542122486,-0.024591702646893254
2015-12-30,2063.4,2077.3,2077.3,2062.0,,-0.72,-0.00721709006928406,0.41794942275976044,0.18613722241007094,-0.031631312183217575
2015-12-31,2043.9,2060.6,2062.5,2043.6,,-0.95,-0.00945042163419596,0.4045492028587159,0.1842004935913823,-0.04078280458043926
2016-01-04,2012.7,2038.2,2038.2,1989.7,,-1.53,-0.015264934683692943,0.3831088510170446,0.18760509750425705,-0.055425192415994085
2016-01-05,2016.7,2013.8,2021.9,2004.2,,0.2,0.0019873801361356414,0.38585761407366936,0.18191506573399088,-0.0535479632063075
2016-01-06,1990.3,2011.7,2011.7,1979.0,,-1.31,-0.013090692715822971,0.36771577789994736,0.16928596489908232,-0.06593767599023848
2016-01-07,1943.1,1985.3,1985.3,1938.8,,-2.37,-0.02371501783650709,0.335280373831778,0.1843590328226443,-0.0880889806645393
2016-01-08,1922.0,1946.0,1960.4,1918.5,,-1.09,-0.010858936750553161,0.32078064870808376,0.18598146276231153,-0.09799136474563552
2016-01-11,1923.7,1926.1,1935.7,1901.1,,0.09,0.0008844953173776648,0.32194887300714914,0.18579033012875495,-0.09719354233151878
2016-01-12,1938.7,1927.8,1947.4,1914.3,,0.78,0.007797473618547546,0.3322567344694911,0.1887009530277259,-0.09015393279519435
2016-01-13,1890.3,1940.3,1950.3,1886.4,,-2.5,-0.02496518285449012,0.29899670148433444,0.19578818674915305,-0.11286840623240102
2016-01-14,1921.8,1891.7,1934.5,1878.9,,1.67,0.016664021583875588,0.3206432105552526,0.20576526556002134,-0.09808522620611981
2016-01-15,1880.3,1916.7,1916.7,1857.8,,-2.16,-0.02159433864085758,0.2921247938427731,0.2104067034957202,-0.11756147925661731
2016-01-19,1881.3,1888.7,1901.4,1864.6,,0.05,0.0005318300271233145,0.29281198460692925,0.200324087567779,-0.11709217195419575
2016-01-20,1859.3,1876.2,1876.2,1812.3,,-1.17,-0.011694041354382567,0.27769378779549436,0.1984332263285829,-0.12741693260747144
2016-01-21,1869.0,1861.5,1889.8,1849.0,,0.52,0.005217017156994519,0.2843595382078088,0.1947749313561325,-0.12286465177398165
2016-01-22,1906.9,1877.4,1908.8,1877.4,,2.03,0.02027822364901022,0.3104040681693263,0.20804327775971831,-0.10507790501220204
2016-01-25,1877.1,1906.3,1906.3,1876.0,,-1.56,-0.01562745817819511,0.2899257833974733,0.2082540872758338,-0.1190632626243665
2016-01-26,1903.6,1878.8,1906.7,1878.8,,1.41,0.014117521709019254,0.3081363386476108,0.21001236915947702,-0.10662661911019344
2016-01-27,1883.0,1902.5,1917.0,1872.7,,-1.08,-0.01082160117671771,0.29398020890599463,0.21123847668142356,-0.11629434954007889
2016-01-28,1893.4,1885.2,1903.0,1873.7,,0.55,0.005523101433882127,0.30112699285321853,0.2138397772846073,-0.11141355359489402
2016-01-29,1940.2,1894.0,1940.2,1894.0,,2.47,0.024717439526777296,0.33328752061572553,0.23073646080465748,-0.08944997184156189
2016-02-01,1939.4,1936.9,1947.2,1920.3,,-0.04,-0.0004123286259147818,0.3327377680044008,0.23043669039038586,-0.08982541768349916
2016-02-02,1903.0,1935.3,1935.3,1897.3,,-1.88,-0.01876869134783954,0.3077240241891177,0.23599526719373987,-0.10690820349164643
2016-02-03,1912.5,1907.1,1918.0,1872.2,,0.5,0.00499211770888075,0.31425233644860096,0.23346331955058625,-0.10244978411864092
2016-02-04,1915.5,1911.7,1927.3,1900.5,,0.16,0.0015686274509802978,0.3163139087410691,0.23337033396001866,-0.10104186221137612
2016-02-05,1880.0,1913.1,1913.1,1872.7,,-1.85,-0.018533020099190778,0.29191863661352646,0.2372568251404717,-0.1177022714473438
2016-02-08,1853.4,1873.2,1873.2,1828.5,,-1.41,-0.014148936170212734,0.2736393622869735,0.2286918372590665,-0.13018584569175895
2016-02-09,1852.2,1848.5,1868.2,1834.9,,-0.06,-0.0006474587245063335,0.2728147333699862,0.22651704415829904,-0.1307490144546649
2016-02-10,1851.9,1857.1,1881.6,1850.3,,-0.02,-0.00016196954972458322,0.2726085761407395,0.22639773597076313,-0.1308898066453914
2016-02-11,1829.1,1847.0,1847.0,1810.1,,-1.23,-0.012311679896322758,0.2569406267179797,0.22647110562026734,-0.1415900131406046
2016-02-12,1864.8,1833.4,1864.8,1833.4,,1.95,0.019517795637198576,0.28147333699835353,0.22370090477132437,-0.12483574244415252
2016-02-16,1895.6,1871.4,1895.8,1871.4,,1.65,0.016516516516516422,0.3026388125343622,0.22355840716518055,-0.1103810775295665
2016-02-17,1926.8,1898.8,1930.7,1898.8,,1.65,0.01645916860097074,0.3240791643760337,0.2172176257636899,-0.09573868969401178
2016-02-18,1917.8,1927.6,1930.0,1915.1,,-0.47,-0.004670957027195333,0.3178944474986285,0.21818082516245912,-0.0999624554158064
2016-02-19,1917.8,1916.7,1918.8,1902.2,,0.0,0.0,0.3178944474986285,0.21331089904066586,-0.0999624554158064
2016-02-22,1945.5,1924.4,1946.7,1924.4,,1.44,0.014443633329857208,0.3369296316657535,0.2176532101363206,-0.08696264313872737
2016-02-23,1921.3,1942.4,1942.4,1919.4,,-1.24,-0.01243896170650216,0.3202996151731752,0.21248333319669885,-0.0983198798573307
2016-02-24,1929.8,1917.6,1932.1,1891.0,,0.44,0.004424087857179959,0.3261407366685023,0.20458083445403874,-0.09433076778674687
2016-02-25,1951.7,1931.9,1951.8,1925.4,,1.13,0.011348326251425123,0.3411902144035217,0.20262710781479543,-0.08405293786371326
2016-02-26,1948.0,1955.0,1963.0,1945.8,,-0.19,-0.0018957831633960032,0.33864760857614407,0.19822920406981973,-0.08578937488267324
2016-02-29,1932.2,1947.1,1958.3,1931.8,,-0.81,-0.008110882956878784,0.32778999450247737,0.20052178967874065,-0.09320443026093495
2016-03-01,1978.3,1937.1,1978.3,1937.1,,2.39,0.02385881378739252,0.3594694887300749,0.19926255538359947,-0.071569363619298
2016-03-02,1986.5,1976.6,1986.5,1968.8,,0.41,0.004144972956579007,0.36510445299615535,0.19948042779040914,-0.06772104373944066
2016-03-03,1993.4,1985.6,1993.7,1977.4,,0.35,0.00347344575887254,0.3698460692688328,0.18581229618664719,-0.06448282335273137
2016-03-04,2000.0,1994.0,2009.1,1986.8,,0.33,0.0033109260559847087,0.3743815283122631,0.1855939638663588,-0.06138539515674868
2016-03-07,2001.8,1996.1,2006.1,1989.4,,0.09,0.0008999999999999009,0.375618471687744,0.1856369565526595,-0.060540642012389845
2016-03-08,1979.3,1996.9,1996.9,1977.4,,-1.12,-0.011239884104306097,0.360156679494231,0.17690453908472523,-0.07110005631687644
2016-03-09,1989.3,1981.4,1992.7,1979.8,,0.51,0.005052291214065585,0.36702858713579234,0.1663047716699341,-0.06640698329266015
2016-03-10,1989.6,1991.0,2005.1,1969.2,,0.02,0.00015080681646817418,0.3672347443650392,0.16608117184427054,-0.06626619110193366
2016-03-11,2022.2,1994.7,2022.4,1994.7,,1.64,0.01638520305589064,0.3896371632765292,0.17133634956832994,-0.05096677304298858
2016-03-14,2019.6,2019.3,2024.6,2012.0,,-0.13,-0.001285728414598064,0.38785046728972317,0.1619023710095071,-0.052186972029284906
2016-03-15,2015.9,2015.3,2015.9,2005.2,,-0.18,-0.0018320459496928843,0.38530786146234575,0.1541170623624826,-0.053923409048244775
2016-03-16,2027.2,2014.2,2032.0,2010.0,,0.56,0.005605436777617934,0.3930731170973101,0.14721960348551796,-0.048620236530880434
2016-03-17,2040.6,2026.9,2046.2,2022.2,,0.66,0.006610102604577728,0.40228147333700215,0.139847118796308,-0.04233151867843077
2016-03-18,2049.6,2041.2,2052.4,2041.2,,0.44,0.004410467509555982,0.40846619021440733,0.13727094173886403,-0.038107752956636154
2016-03-21,2051.6,2047.9,2053.9,2043.1,,0.1,0.0009758001561279706,0.4098405717427196,0.13702523207641346,-0.03716913835179292
2016-03-22,2049.8,2048.6,2056.6,2040.6,,-0.09,-0.0008773640085785184,0.40860362836723874,0.13142193065514463,-0.03801389149615164
2016-03-23,2036.7,2048.6,2048.6,2034.9,,-0.64,-0.006390867401697808,0.3996014293567933,0.12421911755832205,-0.04416181715787504
2016-03-24,2035.9,2032.5,2036.0,2022.5,,-0.04,-0.0003927922619924029,0.3990516767454684,0.12455094328470534,-0.04453726299981231
2016-03-28,2037.0,2037.9,2042.7,2032.0,,0.05,0.0005403015865219629,0.3998075865860402,0.12052722911238155,-0.04402102496714855
2016-03-29,2055.0,2035.8,2055.9,2028.3,,0.88,0.008836524300441795,0.4121770203408506,0.12180898310128822,-0.03557349352355932
2016-03-30,2063.9,2058.3,2072.2,2058.3,,0.43,0.004330900243308955,0.41829301814184006,0.11551568442461059,-0.031396658532006794
2016-03-31,2059.7,2063.8,2067.9,2057.5,,-0.2,-0.002034982315034739,0.4154068169323841,0.08882405852465607,-0.03336774920217778
2016-04-01,2072.8,2056.6,2075.1,2044.0,,0.64,0.006360149536340343,0.42440901594282954,0.08984353724492847,-0.02721982354045427
2016-04-04,2066.1,2073.2,2074.0,2062.6,,-0.32,-0.0032323427248167613,0.4198048378229833,0.09148569348111862,-0.030364182466679268
2016-04-05,2045.2,2062.5,2062.5,2042.6,,-1.01,-0.010115676879144164,0.4054425508521202,0.09997819329007976,-0.040172705087291205
2016-04-06,2066.7,2045.6,2067.3,2043.1,,1.05,0.010512419323293498,0.42021715228147705,0.10516625101397149,-0.030082598085226397
2016-04-07,2041.9,2063.0,2063.0,2033.8,,-1.2,-0.011999806454734419,0.40317482133040516,0.1063561547738093,-0.041721419185282604
2016-04-08,2047.6,2045.5,2060.6,2041.7,,0.28,0.0027915177040991335,0.40709180868609507,0.1056923868886449,-0.03904636756147939
2016-04-11,2042.0,2050.2,2062.9,2041.9,,-0.27,-0.002734909161945631,0.40324354040682087,0.10659019804833321,-0.041674488455040404
2016-04-12,2061.7,2043.7,2065.1,2039.7,,0.96,0.009647404505386703,0.4167811984606964,0.09663393674852226,-0.03242913459733454
2016-04-13,2082.4,2065.9,2083.2,2065.9,,1.0,0.010040258039482053,0.4310060472787285,0.10120478222904139,-0.022714473437206673
2016-04-14,2082.8,2082.9,2087.8,2078.1,,0.02,0.0001920860545525649,0.4312809235843911,0.10061164782360073,-0.02252675051623798
2016-04-15,2080.7,2083.1,2083.2,2076.3,,-0.1,-0.0010082581140773428,0.4298378229796631,0.09987922229364217,-0.02351229585132364
2016-04-18,2094.3,2078.8,2094.7,2073.7,,0.65,0.006536261834959589,0.4391836173721868,0.09982970076391888,-0.01712971653838935
2016-04-19,2100.8,2096.1,2104.1,2091.7,,0.31,0.0031036623215394687,0.44365035733920166,0.09941125745057375,-0.014079219072648752
2016-04-20,2102.4,2101.5,2111.1,2096.3,,0.08,0.0007616146230007281,0.44474986256185134,0.09941995753987205,-0.013328327388774208
2016-04-21,2091.5,2102.1,2103.8,2088.5,,-0.52,-0.00518455098934556,0.4372594832325494,0.1016400702135881,-0.01844377698516997
2016-04-22,2091.6,2091.5,2094.3,2081.2,,0.0,4.781257470720668e-05,0.4373282023089651,0.09814472911011678,-0.01839684625492788
2016-04-25,2087.8,2089.4,2089.4,2077.5,,-0.18,-0.0018167909734173593,0.43471687740517195,0.09857459016154327,-0.020180214004129948
2016-04-26,2091.7,2089.8,2096.9,2085.8,,0.19,0.0018679950186797356,0.43739692138538055,0.09856690993119759,-0.018349915524685678
2016-04-27,2095.2,2092.3,2099.9,2082.3,,0.17,0.0016732801070900027,0.439802089059927,0.09469586563871439,-0.01670733996620999
2016-04-28,2075.8,2090.9,2099.3,2071.6,,-0.93,-0.009259259259259078,0.4264705882352984,0.10011141715230959,-0.02581190163318936
2016-04-29,2065.3,2071.8,2073.8,2052.3,,-0.51,-0.005058290779458519,0.419255085211659,0.10153484560917501,-0.03073962830861643
2016-05-02,2081.4,2067.2,2083.4,2066.1,,0.78,0.007795477654577887,0.4303188565145726,0.10275560053263133,-0.023183780739628346
2016-05-03,2063.4,2077.2,2077.2,2054.9,,-0.86,-0.008648025367541057,0.4179494227597622,0.10668382016590332,-0.031631312183217575
2016-05-04,2051.1,2060.3,2060.3,2045.5,,-0.6,-0.005961035184646746,0.40949697636064175,0.10263408728538204,-0.0374037920030037
2016-05-05,2050.6,2052.9,2060.2,2045.8,,-0.02,-0.00024377163473254804,0.4091533809785637,0.09547370835404631,-0.03763844565421448
2016-05-06,2057.1,2047.8,2057.7,2039.5,,0.32,0.003169803959816697,0.41362012094557854,0.08616941133353877,-0.03458794818847388
2016-05-09,2058.7,2057.6,2064.2,2054.3,,0.08,0.0007777939818189861,0.4147196261682282,0.085736847575636,-0.03383705650459934
2016-05-10,2084.4,2062.6,2084.9,2062.6,,1.25,0.012483606159226834,0.432380428807041,0.09474767293399008,-0.021775858832363437
2016-05-11,2064.5,2083.3,2083.3,2064.5,,-0.95,-0.00954711187871815,0.4187053326003338,0.09598749785252383,-0.031115074150553812
2016-05-12,2064.1,2067.2,2074.0,2053.1,,-0.02,-0.00019375151368372645,0.41843045629467124,0.088894435920409,-0.0313027970715225
2016-05-13,2046.6,2062.5,2066.8,2043.1,,-0.85,-0.008478271401579418,0.40640461792193894,0.09313321463043074,-0.03951567486390106
2016-05-16,2066.7,2046.5,2071.9,2046.5,,0.98,0.009821166813251292,0.42021715228147727,0.10014609712582045,-0.030082598085226397
2016-05-17,2047.2,2065.0,2065.7,2040.8,,-0.94,-0.009435331688198434,0.4068169323804329,0.10167522460998484,-0.03923409048244797
2016-05-18,2047.6,2044.4,2060.6,2034.5,,0.02,0.00019538882375913502,0.40709180868609507,0.10066765193582372,-0.03904636756147939
2016-05-19,2040.0,2044.2,2044.2,2025.9,,-0.37,-0.003711662434069063,0.4018691588785086,0.10076110065666512,-0.04261310305988364
2016-05-20,2052.3,2041.9,2058.3,2041.9,,0.6,0.00602941176470595,0.41032160527762906,0.10293912298235233,-0.036840623240097625
2016-05-23,2048.0,2052.2,2055.6,2047.3,,-0.21,-0.002095210251912616,0.40736668499175743,0.10296328524285517,-0.0388586446405107
2016-05-24,2076.1,2052.7,2079.7,2052.7,,1.37,0.013720703124999956,0.4266767454645446,0.11476837273180947,-0.02567110944246309
2016-05-25,2090.5,2078.9,2094.7,2078.9,,0.69,0.006936082076971273,0.436572292468393,0.11725859005933924,-0.01891308428759164
2016-05-26,2090.1,2091.4,2094.3,2087.1,,-0.02,-0.00019134178426216675,0.43629741616273043,0.1171008494462759,-0.019100807208560333
2016-05-27,2099.1,2090.1,2099.1,2090.1,,0.43,0.004306014066312702,0.44248213304013584,0.1130769795059227,-0.014877041486765608
2016-05-31,2097.0,2100.1,2103.5,2088.7,,-0.1,-0.0010004287551806934,0.4410390324354081,0.11139978723641808,-0.015862586821851044
2016-06-01,2099.3,2093.9,2101.0,2085.1,,0.11,0.001096804959465958,0.44261957119296724,0.1084384233678618,-0.014783180026281206
2016-06-02,2105.3,2097.7,2105.3,2088.6,,0.29,0.0028580955556614107,0.44674271577790403,0.1035150132190784,-0.0119673362117515
2016-06-03,2099.1,2104.1,2104.1,2085.4,,-0.29,-0.0029449484634019862,0.44248213304013584,0.10147472124016635,-0.014877041486765608
2016-06-06,2109.4,2100.8,2113.4,2100.8,,0.49,0.00490686484683911,0.44956019791094404,0.10216776079773007,-0.010043176271822829
2016-06-07,2112.1,2110.2,2119.2,2110.2,,0.13,0.0012799848298092886,0.4514156129741653,0.10195707468800429,-0.008776046555284522
2016-06-08,2119.1,2112.7,2120.6,2112.7,,0.33,0.0033142370152927647,0.45622594832325825,0.10217900335563303,-0.005490895438333143
2016-06-09,2115.5,2115.7,2117.6,2107.7,,-0.17,-0.0016988344108347375,0.4537520615722963,0.09429819301295718,-0.007180401727050922
2016-06-10,2096.1,2109.6,2109.6,2090.0,,-0.92,-0.009170408886787995,0.44042056074766744,0.09378894181839476,-0.016284963394030516
2016-06-13,2079.1,2091.8,2098.1,2078.5,,-0.81,-0.008110300081103028,0.4287383177570132,0.09866483928016177,-0.024263187535198183
2016-06-14,2075.3,2076.7,2081.3,2064.1,,-0.18,-0.0018277139146745114,0.4261269928532201,0.09372152895914423,-0.026046555284400252
2016-06-15,2071.5,2077.6,2085.7,2069.8,,-0.18,-0.0018310605695562865,0.42351566794942674,0.08791371354156234,-0.027829923033602433
2016-06-16,2078.0,2066.4,2079.6,2050.4,,0.31,0.0031378228336953473,0.4279824079164416,0.08121996308369923,-0.024779425567861946
2016-06-17,2071.2,2078.2,2078.2,2062.8,,-0.33,-0.003272377285851835,0.42330951072017986,0.08238423768141835,-0.027970715224329035
2016-06-20,2083.2,2075.6,2100.7,2075.6,,0.58,0.005793742757821629,0.43155579989005366,0.08275566404973937,-0.02233902759526951
2016-06-21,2088.9,2085.2,2093.7,2083.0,,0.27,0.0027361751152075175,0.4354727872457438,0.08100736561585904,-0.019663975971466185
2016-06-22,2085.4,2089.8,2099.7,2084.4,,-0.17,-0.0016755230025372603,0.4330676195711973,0.08082766078352144,-0.021306551529941875
2016-06-23,2113.3,2092.8,2113.3,2092.8,,1.34,0.013378728301524978,0.4522402418911535,0.08014866292653015,-0.008212877792378448
2016-06-24,2037.4,2103.8,2103.8,2032.6,,-3.59,-0.03591539298727109,0.400082462891703,0.1479713503715886,-0.043833302046179856
2016-06-27,2000.5,2031.5,2031.5,1991.7,,-1.81,-0.01811131834691282,0.37472512369434163,0.15906443165606216,-0.0611507415055379
2016-06-28,2036.1,2006.7,2036.1,2006.7,,1.78,0.017795551112221863,0.3991891148982998,0.17216528677733356,-0.04444340153932813
2016-06-29,2070.8,2042.7,2073.1,2042.7,,1.7,0.017042384951623246,0.4230346344145177,0.183646550182853,-0.028158438145297504
2016-06-30,2098.9,2073.2,2098.9,2070.0,,1.36,0.01356963492370089,0.4423446948873049,0.19001461098547778,-0.014970902947249898
2016-07-01,2102.9,2099.3,2108.7,2097.9,,0.19,0.0019057601600838137,0.4450934579439294,0.18986647755421304,-0.013093673737563427
2016-07-05,2088.6,2095.1,2095.1,2080.9,,-0.68,-0.0068001331494603745,0.43526663001649646,0.19108933550097695,-0.019804768162192676
2016-07-06,2099.7,2084.4,2100.7,2074.0,,0.53,0.005314564780235509,0.4428944474986294,0.19123095972333223,-0.014595457105312737
2016-07-07,2097.9,2100.4,2109.1,2089.4,,-0.09,-0.0008572653236175176,0.4416575041231485,0.19117293494013046,-0.015440210249671571
2016-07-08,2129.9,2107.0,2131.7,2107.0,,1.53,0.015253348586681925,0.46364760857614473,0.1983189616776212,-0.00042237657217947255
2016-07-11,2137.2,2131.7,2143.2,2131.7,,0.34,0.0034273909573219186,0.46866410115448454,0.1984573988687121,0.0
2016-07-12,2152.1,2139.5,2155.4,2139.5,,0.7,0.006971738723563492,0.4789032435404108,0.1963505859648484,0.0
2016-07-13,2152.4,2153.8,2156.4,2146.2,,0.01,0.00013939872682500187,0.4791094007696577,0.1934107500323803,0.0
2016-07-14,2163.8,2157.9,2169.0,2157.9,,0.53,0.005296413306076886,0.4869433754810375,0.19333744692863672,0.0
2016-07-15,2161.7,2165.1,2169.1,2155.8,,-0.1,-0.000970514835012648,0.4855002748763093,0.19314200319635988,-0.000970514835012648
2016-07-18,2166.9,2162.0,2168.3,2159.6,,0.24,0.0024055141786558654,0.4890736668499214,0.1931092162057867,0.0
2016-07-19,2163.8,2163.8,2164.6,2159.0,,-0.14,-0.0014306151645206988,0.4869433754810375,0.19257210357275759,-0.0014306151645206988
2016-07-20,2173.0,2166.1,2175.6,2164.9,,0.43,0.004251779277197443,0.49326553051127386,0.1922789159092295,0.0
2016-07-21,2165.2,2172.9,2174.6,2159.8,,-0.36,-0.0035895075931892118,0.487905442550856,0.19325401698378133,-0.0035895075931892118
2016-07-22,2175.0,2166.5,2175.1,2163.2,,0.45,0.004526140772215026,0.4946399120395861,0.1930503655261848,0.0
2016-07-25,2168.5,2173.7,2173.7,2161.9,,-0.3,-0.002988505747126391,0.4901731720725713,0.18926534353413665,-0.002988505747126391
2016-07-26,2169.2,2169.0,2173.5,2160.2,,0.03,0.0003228037814155815,0.4906542056074803,0.13265529823648167,-0.002666666666666706
2016-07-27,2166.6,2169.8,2175.0,2159.1,,-0.12,-0.0011985985616816963,0.4888675096206745,0.10964772037637821,-0.003862068965517329
2016-07-28,2170.1,2166.1,2172.8,2159.7,,0.16,0.0016154343210559308,0.4912726772952207,0.09730903505285973,-0.0022528735632184604
2016-07-29,2173.6,2168.8,2177.1,2163.5,,0.16,0.001612828901893959,0.4936778449697672,0.0829953388378449,-0.0006436781609195918
2016-08-01,2170.8,2173.2,2178.3,2166.2,,-0.13,-0.0012881854987116803,0.4917537108301302,0.07298120286333508,-0.0019310344827585535
2016-08-02,2157.0,2169.9,2170.2,2147.6,,-0.64,-0.006357103372028883,0.4822704782847753,0.07800678910763213,-0.008275862068965467
2016-08-03,2163.8,2156.8,2163.8,2152.6,,0.32,0.0031525266573946276,0.48694337548103706,0.07253811145995906,-0.005149425287356291
2016-08-04,2164.2,2163.5,2168.2,2159.1,,0.02,0.0001848599685736474,0.4872182517866992,0.07148243093069717,-0.004965517241379391
2016-08-05,2182.9,2168.8,2182.9,2168.8,,0.86,0.008640606228629721,0.5000687190764193,0.07509777997311014,0.0
2016-08-08,2180.9,2183.8,2185.4,2177.8,,-0.09,-0.0009162123780291909,0.498694337548107,0.05777121697158467,-0.0009162123780291909
2016-08-09,2181.7,2182.2,2187.7,2178.6,,0.04,0.00036682103718632675,0.4992440901594317,0.057210281763843226,-0.0005497274268176922
2016-08-10,2175.5,2182.8,2183.4,2172.0,,-0.28,-0.0028418205986157075,0.49498350742166375,0.054303724800597045,-0.003389985798708195
2016-08-11,2185.8,2178.0,2188.4,2178.0,,0.47,0.004734543783038392,0.502061572292472,0.05619722894509691,0.0
2016-08-12,2184.1,2183.7,2186.3,2179.4,,-0.08,-0.0007777472778845995,0.5008933479934063,0.05388274374378792,-0.0007777472778845995
2016-08-15,2190.2,2186.1,2193.8,2186.1,,0.28,0.002792912412435289,0.5050852116547586,0.05420856561088234,0.0
2016-08-16,2178.2,2186.2,2186.2,2178.1,,-0.55,-0.0054789516939092175,0.49683892248488504,0.05772055829509899,-0.0054789516939092175
2016-08-17,2182.2,2177.8,2183.1,2168.5,,0.18,0.0018363786612800581,0.4995876855415098,0.057628555322040205,-0.003652634462606108
2016-08-18,2187.0,2181.9,2187.0,2180.5,,0.22,0.0021996150673633252,0.5028862012094595,0.056328402491935214,-0.0014610537850423544
2016-08-19,2183.9,2184.2,2185.0,2175.1,,-0.14,-0.001417466849565563,0.5007559098405756,0.05491775319036166,-0.0028764496393022254
2016-08-22,2182.6,2181.6,2185.2,2176.0,,-0.06,-0.0005952653509776473,0.4998625618471726,0.05291653669212121,-0.0034700027394758415
2016-08-23,2186.9,2187.8,2193.4,2186.8,,0.2,0.001970127371025532,0.5028174821330442,0.051965005841772605,-0.0015067117158249488
2016-08-24,2175.4,2185.1,2186.7,2171.2,,-0.53,-0.005258585211943889,0.4949147883452487,0.05555268976576913,-0.006757373755821305
2016-08-25,2172.5,2173.3,2179.0,2169.7,,-0.13,-0.001333088167693286,0.492921935129196,0.055595512505727196,-0.008081453748515988
2016-08-26,2169.0,2175.1,2187.9,2160.4,,-0.16,-0.001611047180667402,0.49051676745464956,0.05563668774308311,-0.009679481325906236
2016-08-29,2180.4,2170.2,2183.5,2170.2,,0.53,0.005255878284923909,0.49835074216602937,0.05834764828600368,-0.004474477216692363
2016-08-30,2176.1,2179.4,2182.3,2170.4,,-0.2,-0.0019721152082187166,0.49539582188015796,0.05860834102314979,-0.006437768240343256
2016-08-31,2170.9,2173.6,2173.8,2161.3,,-0.24,-0.002389596066357136,0.49182242990654634,0.05455255562359108,-0.008811980641037276
2016-09-01,2170.9,2171.3,2173.6,2157.1,,0.0,0.0,0.49182242990654634,0.053568126084039124,-0.008811980641037276
2016-09-02,2180.0,2177.5,2184.9,2173.6,,0.42,0.004191809848449912,0.498075865860367,0.05535863641077467,-0.0046571089398227405
2016-09-06,2186.5,2181.6,2186.6,2175.1,,0.3,0.002981651376146699,0.5025426058273816,0.047611912985491736,-0.0016893434389552153
2016-09-07,2186.2,2185.2,2187.9,2179.1,,-0.01,-0.00013720557969365554,0.5023364485981348,0.047482268159595845,-0.0018263172313031095
2016-09-08,2181.3,2182.8,2184.9,2177.5,,-0.22,-0.002241331991583384,0.49896921385377,0.04816599472567745,-0.0040635558396492355
2016-09-09,2127.8,2169.1,2169.1,2127.8,,-2.45,-0.024526658414706803,0.462204507971417,0.09753619220560071,-0.028490548808327798
2016-09-12,2159.0,2120.9,2163.3,2119.1,,1.47,0.014663032239871976,0.483644859813088,0.11018269080557952,-0.014245274404163899
2016-09-13,2127.0,2150.5,2150.5,2120.3,,-1.48,-0.014821676702176934,0.4616547553600918,0.12075841123673313,-0.028855812254588553
2016-09-14,2125.8,2127.9,2141.3,2119.9,,-0.06,-0.0005641748942171176,0.4608301264431045,0.11990518529266404,-0.029403707423979353
2016-09-15,2147.3,2125.4,2151.3,2122.4,,1.01,0.010113839495719201,0.47560472787246133,0.12525680430985148,-0.019587252305725333
2016-09-16,2139.2,2146.5,2146.5,2131.2,,-0.38,-0.0037721790155079704,0.4700384826827966,0.1253606179570115,-0.023285544699114258
2016-09-19,2139.1,2144.0,2153.6,2135.9,,0.0,-4.6746447269985225e-05,0.4699697636063811,0.12489752541789435,-0.02333120262989674
2016-09-20,2139.8,2145.9,2150.8,2139.2,,0.03,0.0003272404282175234,0.47045079714129057,0.12497453629494505,-0.02301159711441858
2016-09-21,2163.1,2144.6,2165.1,2139.6,,1.09,0.010888868118515527,0.48646234194612803,0.13153472699652202,-0.012373299242078306
2016-09-22,2177.2,2170.9,2180.0,2170.9,,0.65,0.0065184226341823415,0.49615173172072935,0.1334939736447289,-0.0059355310017350504
2016-09-23,2164.7,2173.3,2173.8,2164.0,,-0.57,-0.005741319125482258,0.4875618471687777,0.13373572701491832,-0.011642772349557129
2016-09-26,2146.1,2158.5,2158.5,2145.0,,-0.86,-0.008592414653300628,0.4747800989554738,0.13683843471644963,-0.020135147475116355
2016-09-27,2159.9,2146.0,2161.1,2141.6,,0.64,0.006430268859792365,0.4842633315008287,0.13887037769229812,-0.01383435302712066
2016-09-28,2171.4,2161.8,2172.4,2151.8,,0.53,0.005324320570396779,0.4921660252886242,0.138904230086253,-0.008583690987124304
2016-09-29,2151.1,2168.9,2172.7,2145.2,,-0.93,-0.009348807221147726,0.4782160527762547,0.14242253415823145,-0.017852250935987524
2016-09-30,2168.3,2156.5,2175.3,2156.5,,0.8,0.007995909069778318,0.4900357339197403,0.14521353879338528,-0.009999086841384175
2016-10-03,2161.2,2164.3,2164.4,2154.8,,-0.33,-0.0032744546418854714,0.4851566794942317,0.14565106630585273,-0.013240799926947266
2016-10-04,2150.5,2163.4,2165.5,2144.0,,-0.5,-0.004950953174162387,0.47780373831776135,0.1456423288790003,-0.01812619852068298
2016-10-05,2159.7,2155.2,2163.9,2155.2,,0.43,0.004278074866310044,0.4841258933479975,0.14611344868598694,-0.01392566888868596
2016-10-06,2160.8,2158.2,2162.9,2150.3,,0.05,0.0005093299995371225,0.48488180318856955,0.14615343176718507,-0.013423431650077422
2016-10-07,2153.7,2164.2,2165.9,2144.8,,-0.33,-0.003285820066642131,0.4800027487630607,0.14635346073612412,-0.016665144735640625
2016-10-10,2163.7,2160.4,2169.6,2160.4,,0.46,0.004643172215257563,0.48687465640462224,0.11839145124719946,-0.01209935165738285
2016-10-11,2136.7,2161.3,2161.6,2128.8,,-1.25,-0.01247862457826876,0.4683205057724067,0.11571846353710771,-0.024426992968678674
2016-10-12,2139.2,2137.7,2145.4,2132.8,,0.12,0.0011700285486966333,0.470038482682797,0.10332257654675696,-0.023285544699114258
2016-10-13,2132.6,2130.3,2138.2,2114.7,,-0.31,-0.003085265519820468,0.4655030236393667,0.10395314284403358,-0.026298968130764266
2016-10-14,2133.0,2139.7,2149.2,2133.0,,0.02,0.00018756447528844866,0.4657778999450293,0.09747760740147297,-0.02611633640763389
2016-10-17,2126.5,2132.9,2135.6,2124.4,,-0.3,-0.0030473511486169835,0.4613111599780144,0.09718420522263045,-0.029084101908501414
2016-10-18,2139.6,2138.3,2144.4,2135.5,,0.62,0.006160357394780158,0.47031335898845983,0.09970630564939362,-0.02310291297598388
2016-10-19,2144.3,2140.8,2148.4,2138.2,,0.22,0.0021966722751918244,0.47354315557999405,0.09998645334771399,-0.02095699022920261
2016-10-20,2141.3,2142.5,2147.2,2133.4,,-0.14,-0.0013990579676351755,0.47148158328752565,0.0920556455234904,-0.022326728152679998
2016-10-21,2141.2,2139.4,2142.6,2130.1,,0.0,-4.6700602437943495e-05,0.47141286421110973,0.0885206771960351,-0.022372386083462703
2016-10-24,2151.3,2148.5,2154.8,2146.9,,0.47,0.004716981132075748,0.47835349092908697,0.0885469278810552,-0.017760935074422224
2016-10-25,2143.2,2149.7,2151.4,2141.9,,-0.38,-0.0037651652489194554,0.472787245739422,0.08431551421068122,-0.02145922746781115
2016-10-26,2139.4,2137.0,2145.7,2131.6,,-0.18,-0.0017730496453899347,0.47017592083562887,0.08109760976902869,-0.023194228837548958
2016-10-27,2133.0,2144.1,2147.1,2132.5,,-0.3,-0.0029914929419463387,0.4657778999450297,0.07872969760672728,-0.02611633640763389
2016-10-28,2126.4,2132.2,2140.7,2119.4,,-0.31,-0.0030942334739803012,0.46124244090159916,0.0729814932931762,-0.02912975983928401
2016-10-31,2126.2,2129.8,2133.2,2125.5,,-0.01,-9.405568096321204e-05,0.46110500274876776,0.06611758519388766,-0.029221075700849197
2016-11-01,2111.7,2128.7,2131.4,2097.8,,-0.68,-0.006819678299313292,0.45114073666850385,0.06879143763684595,-0.03584147566432294
2016-11-02,2097.9,2109.4,2111.8,2094.0,,-0.65,-0.006535019178860457,0.4416575041231494,0.07011665788710676,-0.042142270112318414
2016-11-03,2088.7,2098.8,2102.6,2085.2,,-0.44,-0.004385337718671223,0.4353353490929128,0.06802766201085396,-0.046342799744315544
2016-11-04,2085.2,2083.8,2099.1,2083.8,,-0.17,-0.0016756834394598963,0.43293018141836637,0.06760114243641539,-0.04794082732170579
2016-11-07,2131.5,2100.6,2132.0,2100.6,,2.22,0.022204105121810924,0.4647471137987953,0.10648465607305366,-0.026801205369372583
2016-11-08,2139.6,2129.9,2146.9,2123.6,,0.38,0.003800140745953584,0.47031335898846005,0.10601340406950349,-0.02310291297598388
2016-11-09,2163.3,2131.6,2170.1,2125.3,,1.11,0.011076836791923839,0.48659978009896054,0.10389359953540502,-0.012281983380513006
2016-11-10,2167.5,2167.5,2182.3,2151.2,,0.19,0.001941478297046162,0.48948598130841625,0.10398037122867293,-0.01036435028764493
2016-11-11,2164.4,2162.7,2165.9,2152.5,,-0.14,-0.0014302191464821146,0.48735568993953216,0.10338837079784759,-0.01177974614190469
2016-11-14,2164.2,2165.6,2171.4,2156.1,,-0.01,-9.240436148594267e-05,0.48721825178670075,0.10341125776520656,-0.01187106200346999
2016-11-15,2180.4,2168.3,2180.8,2166.4,,0.75,0.007485444968117649,0.49835074216603026,0.10501140951838586,-0.004474477216692363
2016-11-16,2176.9,2177.5,2179.2,2172.2,,-0.16,-0.0016052100532012448,0.4959455744914838,0.10384098089238067,-0.006072504794082612
2016-11-17,2187.1,2178.6,2188.1,2176.7,,0.47,0.004685562037759938,0.5029549202858761,0.10460474478349491,-0.001415395854259871
2016-11-18,2181.9,2186.8,2189.9,2180.4,,-0.24,-0.0023775776141922167,0.49938152831226423,0.104937432338188,-0.00378960825495378
2016-11-21,2198.2,2186.4,2198.7,2186.4,,0.75,0.007470553187588713,0.510582737768009,0.10727397963534673,0.0
2016-11-22,2202.9,2201.6,2204.8,2194.5,,0.21,0.0021381130015467598,0.5138125343595428,0.10660077658481663,0.0
2016-11-23,2204.7,2198.6,2204.7,2194.5,,0.08,0.0008171047255889352,0.5150494777350236,0.10510970457526339,0.0
2016-11-25,2213.3,2206.3,2213.3,2206.3,,0.39,0.003900757472672156,0.5209593183067667,0.10480996918177773,0.0
2016-11-28,2201.7,2210.2,2211.1,2200.4,,-0.52,-0.005241042786789163,0.5129879054425552,0.10634073656762034,-0.005241042786789163
2016-11-29,2204.7,2200.8,2210.5,2198.2,,0.14,0.0013625834582369212,0.5150494777350239,0.10501020409102621,-0.0038856006867574733
2016-11-30,2198.8,2205.0,2214.1,2198.8,,-0.27,-0.0026761010568329135,0.510995052226503,0.10595636756227,-0.006551303483486204
2016-12-01,2191.1,2200.2,2202.6,2187.4,,-0.35,-0.003501910132799879,0.5057036833425006,0.10321396759352143,-0.01003027154023417
2016-12-02,2191.9,2191.1,2197.9,2188.4,,0.04,0.0003651134133542122,0.5062534359538258,0.09888766022794468,-0.009668820313558979
2016-12-05,2204.7,2200.7,2209.4,2200.0,,0.58,0.005839682467265739,0.5150494777350241,0.0967486951864742,-0.0038856006867574733
2016-12-06,2212.2,2207.3,2212.8,2202.2,,0.34,0.003401823377330304,0.5202034084661951,0.0955158739962963,-0.0004969954366784712
2016-12-07,2241.3,2210.7,2241.6,2208.9,,1.32,0.013154326010306638,0.5402006597031388,0.07542663918800693,0.0
2016-12-08,2246.2,2241.1,2251.7,2237.6,,0.22,0.0021862312051039723,0.5435678944475035,0.07525764227047599,0.0
2016-12-09,2259.5,2249.7,2259.8,2249.2,,0.59,0.005921111210043684,0.5527075316107801,0.0696138331197763,0.0
2016-12-12,2257.0,2258.8,2264.0,2252.4,,-0.11,-0.001106439477760568,0.5509895547003898,0.07048717739352998,-0.001106439477760568
2016-12-13,2271.7,2263.3,2277.5,2263.3,,0.65,0.006513070447496494,0.5610912589334847,0.07107304460323165,0.0
2016-12-14,2253.3,2268.3,2276.2,2248.4,,-0.81,-0.008099661046792939,0.5484469488730122,0.07941531568456794,-0.008099661046792939
2016-12-15,2262.0,2253.8,2272.1,2253.8,,0.39,0.0038610038610038533,0.5544255085211705,0.07718464807174454,-0.0042699300083637315
2016-12-16,2258.1,2266.8,2268.1,2254.2,,-0.17,-0.0017241379310345417,0.5517454645409614,0.07725109776620204,-0.0059867059911079545
2016-12-19,2262.5,2259.2,2267.5,2258.2,,0.19,0.0019485408086443723,0.5547691039032483,0.07652198091571429,-0.004049830523396469
2016-12-20,2270.8,2266.5,2272.6,2266.1,,0.37,0.0036685082872929264,0.5604727872457445,0.0753938527647571,-0.00039617907294076105
2016-12-21,2265.2,2270.5,2271.2,2265.2,,-0.25,-0.002466091245376223,0.5566245189664698,0.07401187879666424,-0.002861293304573631
2016-12-22,2261.0,2262.9,2263.2,2256.1,,-0.19,-0.001854140914709479,0.5537383177570141,0.0748257307628582,-0.004710128978298145
2016-12-23,2263.8,2260.2,2263.8,2258.8,,0.12,0.0012383900928794045,0.5556624518966515,0.07480918189735995,-0.0034775718624816543
2016-12-27,2268.9,2266.2,2273.8,2266.2,,0.23,0.0022528491916247173,0.5591671247938479,0.07429532582869228,-0.0012325571158162685
2016-12-28,2249.9,2270.2,2271.3,2249.1,,-0.84,-0.008374101987747351,0.5461105002748814,0.07839349973351273,-0.00959633754457001
2016-12-29,2249.3,2249.5,2254.5,2244.6,,-0.03,-0.0002666785190452714,0.5456981858163878,0.07851298253022702,-0.009860456926530592
2016-12-30,2238.8,2251.6,2253.6,2233.6,,-0.47,-0.004668118970346358,0.5384826827927485,0.0799670201741659,-0.014482546110841987
2017-01-03,2257.8,2251.6,2263.9,2245.1,,0.85,0.008486689297838135,0.551539307311715,0.08245213306537894,-0.006118765682088134
2017-01-04,2270.8,2261.6,2272.8,2261.6,,0.58,0.005757817344317573,0.5604727872457449,0.08367204233072993,-0.00039617907294076105
2017-01-05,2269.0,2268.2,2271.5,2260.4,,-0.08,-0.0007926721860138652,0.5592358438702636,0.08268462721086156,-0.0011885372188228382
2017-01-06,2277.0,2271.1,2282.1,2264.1,,0.35,0.003525782282943979,0.5647333699835126,0.08272387195776905,0.0
2017-01-09,2268.9,2273.6,2275.5,2268.9,,-0.36,-0.0035573122529644063,0.5591671247938481,0.07238563422825589,-0.0035573122529644063
2017-01-10,2268.9,2269.7,2279.3,2265.3,,0.0,0.0,0.5591671247938481,0.07217515641613433,-0.0035573122529644063
2017-01-11,2275.3,2268.6,2275.3,2260.8,,0.28,0.002820750143241346,0.5635651456844475,0.07000126450008307,-0.0007465963987702828
2017-01-12,2270.4,2271.1,2271.8,2254.2,,-0.22,-0.0021535621676262995,0.5601979109400823,0.07036712832745877,-0.0028985507246376274
2017-01-13,2274.6,2272.7,2278.7,2271.5,,0.18,0.001849894291754639,0.5630841121495378,0.06694281334159707,-0.001054018445322824
2017-01-17,2267.9,2269.1,2272.1,2262.8,,-0.29,-0.0029455728479731436,0.558479934029692,0.06114831154090724,-0.003996486605182259
2017-01-18,2271.9,2269.1,2272.0,2263.3,,0.18,0.0017637461969222112,0.5612286970863165,0.060037241620984526,-0.0022397891963108485
2017-01-19,2263.7,2271.9,2274.3,2258.4,,-0.36,-0.0036093137902197814,0.555593732820236,0.06114923188276764,-0.005841018884497173
2017-01-20,2271.3,2270.0,2277.0,2265.0,,0.34,0.0033573353359546143,0.560816382627823,0.061869079186285134,-0.0025032938076415823
2017-01-23,2265.2,2267.8,2271.8,2257.0,,-0.27,-0.002685686611191951,0.5566245189664705,0.06128320215899898,-0.005182257356170505
2017-01-24,2280.1,2267.9,2284.6,2266.7,,0.66,0.006577785625993426,0.566863661352397,0.0648095151407509,0.0
2017-01-25,2298.4,2288.9,2299.6,2288.9,,0.8,0.008025963773518718,0.5794392523364542,0.06950043335122703,0.0
2017-01-26,2296.7,2298.6,2301.0,2294.1,,-0.07,-0.0007396449704143437,0.5782710280373886,0.06967742986597983,-0.0007396449704143437
2017-01-27,2294.7,2299.0,2299.0,2291.6,,-0.09,-0.0008708146471023692,0.5768966465090763,0.06963849066982626,-0.0016098155238427614
2017-01-30,2280.9,2286.0,2286.0,2268.0,,-0.6,-0.0060138580206561265,0.5674134139637219,0.06622472714273574,-0.007613992342499154
2017-01-31,2278.9,2274.0,2279.1,2267.2,,-0.09,-0.0008768468586961564,0.5660390324354097,0.06636590114840599,-0.008484162895927572
2017-02-01,2279.6,2285.6,2289.1,2272.4,,0.03,0.00030716573785594115,0.5665200659703189,0.0635380015447585,-0.00817960320222777
2017-02-02,2280.8,2276.7,2284.0,2271.7,,0.05,0.0005264081417792887,0.5673446948873062,0.057176612925557896,-0.007657500870170475
2017-02-03,2297.4,2288.5,2298.3,2287.9,,0.73,0.007278148018239117,0.5787520615722979,0.059150364311802324,-0.0004350852767142088
2017-02-06,2292.6,2294.3,2296.2,2288.6,,-0.21,-0.0020893183598851284,0.5754535459043484,0.05969240659137254,-0.002523494604942611
2017-02-07,2293.1,2295.9,2299.4,2290.2,,0.02,0.00021809299485298084,0.5757971412864265,0.058670496986625235,-0.002305951966585562
2017-02-08,2294.7,2289.6,2295.9,2285.4,,0.07,0.0006977454101433356,0.5768966465090761,0.05693305841595115,-0.0016098155238427614
2017-02-09,2307.9,2296.7,2311.1,2296.6,,0.58,0.005752385932801696,0.585967564595937,0.059661500467577414,0.0
2017-02-10,2316.1,2312.3,2319.2,2311.1,,0.36,0.0035530135621126835,0.5916025288620173,0.06002395129392775,0.0
2017-02-13,2328.2,2321.7,2331.6,2321.4,,0.52,0.005224299468934879,0.5999175371083065,0.06080290552093755,0.0
2017-02-14,2337.6,2326.1,2337.6,2322.2,,0.4,0.004037453826990944,0.6063771302913743,0.061562811616036446,0.0
2017-02-15,2349.2,2335.6,2351.3,2334.8,,0.5,0.0049623545516768175,0.6143485431555853,0.060766422652336,0.0
2017-02-16,2347.2,2349.6,2351.3,2338.9,,-0.09,-0.0008513536523071519,0.612974161627273,0.061396005539728016,-0.0008513536523071519
2017-02-17,2351.2,2343.0,2351.2,2339.6,,0.17,0.001704158145875878,0.6157229246838976,0.05844622228046262,0.0
2017-02-21,2365.4,2354.9,2366.7,2354.9,,0.6,0.006039469207213433,0.6254810335349148,0.060054959459312836,0.0
2017-02-22,2362.8,2361.1,2365.1,2358.3,,-0.11,-0.0010991798427326671,0.623694337548109,0.05875199651746743,-0.0010991798427326671
2017-02-23,2363.8,2367.5,2368.3,2355.1,,0.04,0.0004232266802099982,0.6243815283122653,0.056559996416104284,-0.0006764183647585131
2017-02-24,2367.3,2355.7,2367.3,2352.9,,0.15,0.0014806667230731207,0.626786695986812,0.051707902031821275,0.0
2017-02-27,2369.8,2365.2,2371.5,2361.9,,0.11,0.0010560554217884377,0.6285046728972021,0.0511371801189576,0.0
2017-02-28,2363.6,2366.1,2367.8,2359.0,,-0.26,-0.0026162545362479195,0.6242440901594339,0.05249538165072112,-0.0026162545362479195
2017-03-01,2396.0,2380.1,2401.0,2380.1,,1.37,0.013707903198510785,0.6465090709180927,0.06108282064093621,0.0
2017-03-02,2381.9,2394.8,2394.8,2380.2,,-0.59,-0.005884808013355558,0.6368196811434914,0.06663191078356429,-0.005884808013355558
2017-03-03,2383.1,2380.9,2383.9,2375.4,,0.05,0.0005037994878038798,0.6376443100604787,0.0665681185316759,-0.005383973288814681
2017-03-06,2375.3,2375.2,2378.8,2368.0,,-0.33,-0.003273047710964594,0.6322842221000611,0.06897536279658416,-0.008639398998330439
2017-03-07,2368.4,2370.7,2375.1,2365.5,,-0.29,-0.0029048962236349896,0.6275426058273836,0.06806712167338605,-0.011519198664440733
2017-03-08,2363.0,2369.8,2373.1,2361.0,,-0.23,-0.002280020266846816,0.6238317757009406,0.06819547055125112,-0.013772954924874736
2017-03-09,2364.9,2363.5,2369.1,2354.5,,0.08,0.0008040626322471933,0.6251374381528374,0.06809222353343043,-0.012979966611018301
2017-03-10,2372.6,2372.5,2376.9,2363.0,,0.33,0.003255951625861453,0.6304288070368393,0.06829924147255359,-0.009766277128547607
2017-03-13,2373.5,2371.6,2374.4,2368.5,,0.04,0.0003793306920678585,0.63104727872458,0.06670048870092478,-0.009390651085141921
2017-03-14,2365.4,2368.6,2368.6,2358.2,,-0.34,-0.003412681693701236,0.6254810335349155,0.0681427222888837,-0.012771285475792982
2017-03-15,2385.3,2370.3,2390.0,2368.9,,0.84,0.008412953411685242,0.6391561297416226,0.07144157777469223,-0.004465776293822943
2017-03-16,2381.4,2387.7,2388.1,2377.2,,-0.16,-0.0016350144635894903,0.6364760857614138,0.07126906951700536,-0.006093489148580877
2017-03-17,2378.2,2383.7,2385.7,2377.6,,-0.13,-0.001343747375493476,0.634277075316114,0.07007107641872433,-0.007429048414023476
2017-03-20,2373.5,2378.2,2379.6,2369.7,,-0.2,-0.0019762845849801147,0.6310472787245804,0.07047059401550014,-0.009390651085141921
2017-03-21,2344.0,2379.3,2381.9,2341.9,,-1.24,-0.012428902464714509,0.6107751511819746,0.08335727166633758,-0.02170283806343909
2017-03-22,2348.4,2343.0,2351.8,2336.4,,0.19,0.0018771331058020646,0.6137987905442617,0.08067780041080223,-0.019866444073455725
2017-03-23,2346.0,2346.0,2358.9,2342.1,,-0.1,-0.0010219724067450642,0.6121495327102868,0.08066898210846987,-0.02086811352253759
2017-03-24,2344.0,2350.4,2356.2,2335.7,,-0.09,-0.0008525149190110604,0.6107751511819746,0.08064044552961759,-0.02170283806343909
2017-03-27,2341.6,2329.1,2344.9,2322.2,,-0.1,-0.0010238907849829948,0.6091258933479997,0.0803753796132701,-0.022704507512520955
2017-03-28,2358.6,2339.8,2363.8,2337.6,,0.73,0.00725999316706516,0.6208081363386537,0.08465522992270727,-0.015609348914858101
2017-03-29,2361.1,2356.5,2363.4,2352.9,,0.11,0.0010599508182820294,0.622526113249044,0.08429682525120583,-0.014565943238731283
2017-03-30,2368.1,2361.3,2370.4,2358.6,,0.3,0.0029647198339757264,0.627336448598137,0.06906386361275041,-0.011644407345576036
2017-03-31,2362.7,2364.8,2370.3,2362.6,,-0.23,-0.002280309108568135,0.6236256184716937,0.06664095848600274,-0.013898163606010039
2017-04-03,2358.8,2362.3,2365.9,2344.7,,-0.17,-0.001650653912896094,0.6209455744914851,0.06670008235666416,-0.015525876460767862
2017-04-04,2360.2,2354.8,2360.5,2350.7,,0.06,0.0005935221298964954,0.6219076415613036,0.06600083667807022,-0.014941569282136968
2017-04-05,2352.9,2366.6,2378.4,2350.5,,-0.31,-0.0030929582238792275,0.616891148982964,0.06609766792828899,-0.017988313856427296
2017-04-06,2357.5,2353.8,2364.2,2348.9,,0.2,0.0019550342130987275,0.6200522264980823,0.06613077695642385,-0.016068447412353914
2017-04-07,2355.5,2356.6,2363.8,2350.7,,-0.08,-0.0008483563096500779,0.6186778449697701,0.06609302454317496,-0.016903171953255414
2017-04-10,2357.2,2357.2,2366.4,2351.5,,0.07,0.0007217151347909123,0.6198460692688355,0.0650064575641524,-0.016193656093489217
2017-04-11,2353.8,2353.9,2355.2,2337.2,,-0.14,-0.0014423892754114043,0.6175096206707047,0.06507213970356285,-0.01761268781302161
2017-04-12,2344.9,2352.2,2352.7,2341.2,,-0.38,-0.003781119891239748,0.611393622869715,0.0652999850801512,-0.021327212020033404
2017-04-13,2328.9,2342.0,2348.3,2328.9,,-0.68,-0.006823318691628666,0.6003985706432169,0.060527789458556525,-0.028005008347245397
2017-04-17,2349.0,2332.6,2349.1,2332.5,,0.86,0.008630684013912093,0.614211105002755,0.06926808773083715,-0.01961602671118534
2017-04-18,2342.2,2342.5,2348.3,2334.5,,-0.29,-0.0028948488718604226,0.6095382078064933,0.0696730103624749,-0.02245409015025046
2017-04-19,2338.2,2346.8,2352.6,2335.1,,-0.17,-0.0017077960891469512,0.6067894447498687,0.06961804708636812,-0.02412353923205346
2017-04-20,2355.8,2342.7,2361.4,2340.9,,0.75,0.0075271576426312325,0.618884002199017,0.061067921486902176,-0.01677796327212011
2017-04-21,2348.7,2354.7,2356.2,2344.5,,-0.3,-0.0030138381866033903,0.6140049477735083,0.0617683676060109,-0.019741235392320644
2017-04-24,2374.2,2370.3,2377.0,2369.2,,1.09,0.010857069868437819,0.6315283122594897,0.07210247732211611,-0.009098497495826474
2017-04-25,2388.6,2381.5,2392.5,2381.2,,0.61,0.006065200909780133,0.6414238592633379,0.07432014108314254,-0.0030884808013356135
2017-04-26,2387.4,2389.0,2398.2,2386.8,,-0.05,-0.0005023863350915869,0.6405992303463508,0.07417110959141625,-0.00358931552587638
2017-04-27,2388.8,2389.7,2392.1,2382.7,,0.06,0.0005864119963139292,0.6415612974161693,0.0705109143327534,-0.003005008347245375
2017-04-28,2384.2,2393.7,2393.7,2382.4,,-0.19,-0.0019256530475554312,0.6384002199010508,0.0710303355419878,-0.004924874791318978
2017-05-01,2388.3,2388.5,2394.5,2384.8,,0.17,0.001719654391410197,0.641217702034091,0.07060976418414885,-0.003213689482470694
2017-05-02,2391.2,2391.1,2392.9,2385.8,,0.12,0.001214252815810335,0.6432105552501437,0.0699644084981091,-0.0020033388981637312
2017-05-03,2388.1,2386.5,2389.8,2379.8,,-0.13,-0.0012964202074271514,0.6410802638812598,0.06983271970361754,-0.003297161936560933
2017-05-04,2389.5,2389.8,2391.4,2380.3,,0.06,0.0005862401071983214,0.6420423309510785,0.0698327291182696,-0.002712854757929928
2017-05-05,2399.3,2392.4,2399.3,2389.4,,0.41,0.004101276417660671,0.6487768004398087,0.06948918824406691,0.0
2017-05-08,2399.4,2399.9,2401.4,2393.9,,0.0,4.167882298999892e-05,0.6488455195162242,0.06945293898034288,0.0
2017-05-09,2396.9,2401.6,2403.9,2392.4,,-0.1,-0.0010419271484537473,0.6471275426058338,0.06951573092398702,-0.0010419271484537473
2017-05-10,2399.6,2396.8,2399.7,2392.8,,0.11,0.0011264550043805777,0.6489829576690553,0.0695212564141401,0.0
2017-05-11,2394.4,2394.8,2395.7,2381.7,,-0.22,-0.002167027837972957,0.6454095656954435,0.06986788071937429,-0.002167027837972957
2017-05-12,2390.9,2392.4,2392.4,2387.2,,-0.15,-0.0014617440694955075,0.643004398020897,0.06838800908733446,-0.003625604267377791
2017-05-15,2402.3,2394.0,2404.1,2393.9,,0.48,0.004768078966079781,0.6508383727322771,0.06342877067270575,0.0
2017-05-16,2400.7,2404.6,2405.8,2396.1,,-0.07,-0.0006660283894602825,0.649738867509627,0.05819443090680782,-0.0006660283894602825
2017-05-17,2357.0,2382.9,2384.9,2356.2,,-1.82,-0.018203024117965483,0.619708631116004,0.08785213754030208,-0.018856928776589177
2017-05-18,2365.7,2354.7,2375.7,2352.7,,0.37,0.0036911327959270324,0.6256871907641623,0.08827581499872976,-0.015235399408899952
2017-05-19,2381.7,2371.4,2389.1,2370.4,,0.68,0.006763325865494441,0.6366822429906607,0.08755420618634614,-0.008575115514298903
2017-05-22,2394.0,2387.2,2395.5,2386.9,,0.52,0.0051643783851871294,0.6451346893897811,0.08795952520161583,-0.0034550222703243483
2017-05-23,2398.4,2397.0,2400.8,2393.9,,0.18,0.0018379281537177494,0.6481583287520682,0.0803466788682192,-0.0016234441993090432
2017-05-24,2404.4,2401.4,2405.6,2398.0,,0.25,0.0025016677785190122,0.652281473337005,0.07815237240574817,0.0
2017-05-25,2415.1,2409.5,2418.7,2408.0,,0.45,0.004450174679753616,0.6596344145134754,0.07936489906957768,0.0
2017-05-26,2415.8,2414.5,2416.7,2412.2,,0.03,0.0002898430706803623,0.6601154480483848,0.07937037371195284,0.0
2017-05-30,2412.9,2411.7,2415.3,2409.4,,-0.12,-0.0012004304992135895,0.6581225948323319,0.07912504052128258,-0.0012004304992135895
2017-05-31,2411.8,2415.6,2416.0,2403.6,,-0.05,-0.00045588296241039217,0.6573666849917601,0.07908976408162154,-0.0016557662058117595
2017-06-01,2430.1,2415.7,2430.1,2413.5,,0.76,0.0075876938386265635,0.6699422759758169,0.08283021423464987,0.0
2017-06-02,2439.1,2431.3,2440.2,2427.7,,0.37,0.0037035512941854254,0.6761269928532221,0.08306015401371325,0.0
2017-06-05,2436.1,2437.8,2439.6,2434.3,,-0.12,-0.0012299618711819615,0.6740654205607537,0.08341713825952803,-0.0012299618711819615
2017-06-06,2429.3,2431.9,2436.2,2428.1,,-0.28,-0.002791346824842833,0.6693925233644922,0.08353606739513297,-0.004017875445861074
2017-06-07,2433.1,2432.0,2435.3,2424.8,,0.16,0.0015642366113695072,0.6720038482682855,0.08357315669493787,-0.002459923742364034
2017-06-08,2433.8,2434.3,2439.3,2427.9,,0.03,0.0002876988204350006,0.672484881803195,0.08335508104780756,-0.002172932639088021
2017-06-09,2431.8,2436.4,2446.2,2415.7,,-0.08,-0.0008217602103706145,0.6711105002748827,0.08351461828111006,-0.0029929072198761064
2017-06-12,2429.4,2425.9,2430.4,2420.0,,-0.1,-0.000986923266716011,0.6694612424409081,0.08311246455737523,-0.003976876716821676
2017-06-13,2440.3,2434.2,2441.5,2431.3,,0.45,0.004486704536099451,0.6769516217702098,0.08371130039252453,0.0
2017-06-14,2437.9,2443.8,2443.8,2428.3,,-0.1,-0.0009834856370118938,0.675302363936235,0.0828046940260943,-0.0009834856370118938
2017-06-15,2432.5,2424.1,2433.9,2418.5,,-0.22,-0.002215021124738592,0.6715915338097918,0.0833022832512984,-0.0031963283202885995
2017-06-16,2433.2,2431.2,2433.2,2422.9,,0.03,0.0002877697841725535,0.6720725673447008,0.04755971450310804,-0.0029094783428268434
2017-06-19,2453.5,2442.6,2453.8,2441.8,,0.83,0.00834292289988503,0.6860225398570705,0.052688181781413865,0.0
2017-06-20,2437.0,2450.7,2450.7,2436.6,,-0.67,-0.006725086610963937,0.6746838922484943,0.05703087307411875,-0.006725086610963937
2017-06-21,2435.6,2439.3,2442.2,2430.7,,-0.06,-0.0005744768157570634,0.6737218251786758,0.05531645632395376,-0.007295700020379048
2017-06-22,2434.5,2437.4,2441.6,2433.3,,-0.05,-0.00045163409426829393,0.6729659153381042,0.05535754027196799,-0.0077440391277766585
2017-06-23,2438.3,2434.7,2441.4,2431.1,,0.16,0.0015608954610804027,0.6755772402418978,0.0550706673080484,-0.006195231302221216
2017-06-26,2439.1,2443.3,2450.4,2437.0,,0.03,0.00032809744494111115,0.6761269928532228,0.05333179491717215,-0.005869166496841327
2017-06-27,2419.4,2436.3,2440.2,2419.4,,-0.81,-0.008076749620761658,0.662589334799347,0.061021325306373525,-0.013898512329325374
2017-06-28,2440.7,2428.7,2443.0,2428.0,,0.88,0.00880383566173415,0.6772264980758724,0.06784053791851974,-0.005217036886081217
2017-06-29,2419.7,2442.4,2442.7,2405.7,,-0.86,-0.00860408899086329,0.6627954920285937,0.07487650520488302,-0.013776238027307985
2017-06-30,2423.4,2429.2,2432.7,2421.7,,0.15,0.0015291151795677749,0.6653380978559715,0.07009922689714813,-0.012268188302425043
2017-07-03,2429.0,2431.4,2439.2,2428.7,,0.23,0.0023108030040439598,0.669186366135246,0.06930300161210332,-0.0099857346647646
2017-07-05,2432.5,2430.8,2434.9,2422.1,,0.14,0.0014409221902016434,0.6715915338097922,0.06941478536875915,-0.008559201141226769
2017-07-06,2409.8,2423.4,2424.3,2407.7,,-0.93,-0.009331963001027677,0.6559923034634481,0.07603776800981357,-0.01781128999388626
2017-07-07,2425.2,2413.5,2426.9,2413.5,,0.64,0.006390571831687231,0.6665750412314524,0.07935269507834306,-0.011534542490320043
2017-07-10,2427.4,2424.5,2432.0,2422.3,,0.09,0.000907141679036938,0.6680868609125961,0.07942403331550849,-0.010637864275524711
2017-07-11,2425.5,2427.3,2429.3,2412.8,,-0.08,-0.0007827304935321688,0.6667811984606995,0.07941976258046912,-0.011412268188302432
2017-07-12,2443.2,2435.8,2445.8,2435.8,,0.73,0.007297464440321422,0.6789444749862628,0.08335665073067072,-0.0041980843692684955
2017-07-13,2447.8,2445.0,2449.3,2441.7,,0.19,0.0018827766863132034,0.6821055525013813,0.08218179522982808,-0.002323211738332942
2017-07-14,2459.3,2449.2,2463.5,2446.7,,0.47,0.00469809624969364,0.6900082462891768,0.08353232107141444,0.0
2017-07-17,2459.1,2459.5,2462.8,2457.2,,-0.01,-8.132395397075776e-05,0.6898708081363454,0.08300656040783255,-8.132395397075776e-05
2017-07-18,2460.6,2455.9,2460.9,2450.3,,0.06,0.0006099792607050514,0.6909015942825794,0.08300216516114836,0.0
2017-07-19,2473.8,2463.8,2473.8,2463.8,,0.54,0.00536454523287011,0.6999725123694405,0.08006647166944876,0.0
2017-07-20,2473.4,2475.6,2477.6,2468.4,,-0.02,-0.00016169455897807605,0.6996976360637781,0.07581786263874714,-0.00016169455897807605
2017-07-21,2472.5,2467.4,2472.5,2465.1,,-0.04,-0.00036387159375761424,0.6990791643760375,0.07577615525145856,-0.000525507316678886
2017-07-24,2469.9,2472.0,2473.1,2466.3,,-0.11,-0.0010515672396359532,0.6972924683892316,0.07592210481126249,-0.0015765219500364358
2017-07-25,2477.1,2477.9,2481.2,2474.9,,0.29,0.002915097777237863,0.7022402418911557,0.07626007824575197,0.0
2017-07-26,2477.8,2480.0,2481.7,2474.9,,0.03,0.00028258851075868563,0.7027212754260652,0.07626351174426381,0.0
2017-07-27,2475.4,2482.8,2484.0,2459.9,,-0.1,-0.0009686011784647564,0.7010720175920906,0.0695656891262692,-0.0009686011784647564
2017-07-28,2472.1,2469.1,2473.5,2464.7,,-0.13,-0.0013331178799386167,0.6988042880703753,0.06406533991868844,-0.0023004277988539767
2017-07-31,2470.3,2475.9,2478.0,2468.5,,-0.07,-0.0007281258848751415,0.6975673446948945,0.05494227164607235,-0.0030268786827023497
2017-08-01,2476.3,2477.1,2478.5,2471.1,,0.24,0.0024288547949642414,0.7016904892798315,0.05514120239371555,-0.0006053757365405144
2017-08-02,2477.6,2480.4,2480.4,2466.5,,0.05,0.0005249767798731764,0.7025838372732345,0.05496715340833586,-8.071676487220181e-05
2017-08-03,2472.2,2476.0,2476.0,2468.8,,-0.22,-0.002179528576041312,0.6988730071467915,0.055980774345911116,-0.002260069416417987
2017-08-04,2476.8,2476.9,2480.0,2472.1,,0.19,0.0018606908826148683,0.70203408466191,0.04225915616888235,-0.0004035838243603429
2017-08-07,2480.9,2477.1,2480.9,2475.9,,0.17,0.0016553617571060109,0.7048515667949502,0.0380613267740019,0.0
2017-08-08,2474.9,2478.3,2490.9,2470.3,,-0.24,-0.0024184771655447745,0.7007284222100134,0.03995316171837567,-0.0024184771655447745
2017-08-09,2474.0,2465.3,2474.4,2462.1,,-0.04,-0.000363651056608405,0.7001099505222728,0.03975316824553225,-0.002781248740376552
2017-08-10,2438.2,2465.4,2465.4,2437.8,,-1.45,-0.014470493128536877,0.675508521165483,0.061501602114938526,-0.017211495828126977
2017-08-11,2441.3,2441.0,2448.1,2437.8,,0.13,0.0012714297432534494,0.6776388125343673,0.061290570465743835,-0.015961949292595423
2017-08-14,2465.8,2455.0,2468.2,2455.0,,1.0,0.010035636750911348,0.6944749862561925,0.06889410358130647,-0.006086500866620992
2017-08-15,2464.6,2468.7,2468.9,2461.6,,-0.05,-0.00048665747424780914,0.693650357339205,0.06892441956250106,-0.006570196299729991
2017-08-16,2468.1,2468.6,2474.9,2463.9,,0.14,0.001420108739754955,0.6960555250137515,0.06905467629705574,-0.005159417953162215
2017-08-17,2430.0,2462.9,2465.0,2430.0,,-1.54,-0.015436975811352838,0.6698735568994028,0.08502714972370529,-0.020516747954371417
2017-08-18,2425.6,2427.6,2440.3,2420.7,,-0.18,-0.0018106995884773491,0.6668499175371159,0.08505411401584582,-0.02229029787577097
2017-08-21,2428.4,2425.5,2430.6,2417.3,,0.12,0.001154353562005328,0.6687740516767531,0.08534021242577255,-0.02116167519851664
2017-08-22,2452.5,2433.8,2454.8,2433.7,,0.99,0.009924229945643237,0.6853353490929159,0.09311727195783552,-0.01144745858357854
2017-08-23,2444.0,2444.9,2448.9,2441.4,,-0.35,-0.00346585117227316,0.6794942275975888,0.09294728639428383,-0.014873634568100313
2017-08-24,2439.0,2447.9,2450.4,2436.2,,-0.2,-0.0020458265139116083,0.6760582737768082,0.0930110818806804,-0.01688903220605431
2017-08-25,2443.1,2444.7,2454.0,2442.2,,0.17,0.0016810168101679679,0.6788757559098482,0.0933793394409446,-0.01523640614293209
2017-08-28,2444.2,2447.3,2449.1,2439.0,,0.05,0.00045024763619982977,0.6796316657504198,0.09340936737482755,-0.014793018662582202
2017-08-29,2446.3,2431.9,2449.2,2428.2,,0.09,0.0008591768267738331,0.681074766355148,0.09352737796494913,-0.013946551654641426
2017-08-30,2457.6,2446.1,2460.3,2443.8,,0.46,0.004619220864161999,0.6888400219901119,0.09467707212756286,-0.009391752992865543
2017-08-31,2471.7,2462.7,2475.0,2462.7,,0.57,0.0057373046875,0.6985294117647134,0.09697368038469942,-0.0037083316538354394
2017-09-01,2476.6,2474.4,2480.4,2473.8,,0.2,0.0019824412347777542,0.7018966465090786,0.09691853102522797,-0.0017332419686404421
2017-09-05,2457.8,2470.3,2472.0,2446.6,,-0.76,-0.007591052249050989,0.6889774601429435,0.10023200695831525,-0.009311137087347321
2017-09-06,2465.5,2463.8,2469.6,2459.2,,0.31,0.0031328830661565554,0.6942688290269454,0.10073345329261564,-0.006207424724898214
2017-09-07,2465.1,2468.1,2468.6,2460.3,,-0.02,-0.00016223889677557946,0.6939939527212828,0.10043191767651288,-0.006368656535934658
2017-09-08,2461.4,2462.2,2467.1,2459.4,,-0.15,-0.001500953308182118,0.6914513468939054,0.10053679869071795,-0.007860050788020434
2017-09-11,2488.1,2474.5,2488.9,2474.5,,1.08,0.010847485171040727,0.7097993402968739,0.09332823831544391,0.0
2017-09-12,2496.5,2491.9,2496.8,2490.4,,0.34,0.003376070093645822,0.7155717427157855,0.09369461904446218,0.0
2017-09-13,2498.4,2493.9,2498.4,2492.1,,0.08,0.0007610654916883064,0.7168774051676821,0.0878534790257637,0.0
2017-09-14,2495.6,2494.6,2498.4,2491.3,,-0.11,-0.0011207172590458336,0.7149532710280448,0.08798331834603652,-0.0011207172590458336
2017-09-15,2500.2,2495.7,2500.2,2493.2,,0.18,0.001843244109632991,0.7181143485431631,0.08804459309727385,0.0
2017-09-18,2503.9,2502.5,2508.3,2499.9,,0.15,0.001479881609471434,0.7206569543705412,0.06585204863012194,0.0
2017-09-19,2506.7,2506.3,2507.8,2503.2,,0.11,0.0011182555213864465,0.722581088510178,0.06480599051122508,0.0
2017-09-20,2508.2,2506.8,2508.8,2496.7,,0.06,0.0005983962979214663,0.723611874656412,0.06488006065245093,0.0
2017-09-21,2500.6,2507.2,2507.2,2499.0,,-0.3,-0.0030300613986125047,0.7183892248488255,0.05906805070335926,-0.0030300613986125047
2017-09-22,2502.2,2497.3,2503.5,2496.5,,0.06,0.0006398464368551071,0.7194887300714752,0.056888558888612016,-0.0023921537357467493
2017-09-25,2496.7,2499.4,2502.5,2488.0,,-0.22,-0.0021980657021820615,0.7157091808686165,0.05699789609767975,-0.004584961326847936
2017-09-26,2496.8,2501.0,2503.5,2495.1,,0.0,4.0052869788365086e-05,0.7157778999450324,0.05707784831804259,-0.004545092097918646
2017-09-27,2507.0,2503.3,2511.8,2495.9,,0.41,0.004085229093239384,0.7227872457394251,0.05798474213217903,-0.00047843074714926104
2017-09-28,2510.1,2503.4,2510.8,2502.9,,0.12,0.0012365376944554196,0.724917537108309,0.057970288256239295,0.0
2017-09-29,2519.4,2510.0,2519.4,2508.0,,0.37,0.003705031672045056,0.7313084112149613,0.05738096316197841,0.0
2017-10-02,2529.1,2521.2,2529.2,2520.4,,0.39,0.003850123045169518,0.7379741616272759,0.0558483224140827,0.0
2017-10-03,2534.6,2530.3,2535.1,2528.8,,0.22,0.002174686647423929,0.7417537108301346,0.05589056438326204,0.0
2017-10-04,2537.7,2533.5,2540.5,2531.8,,0.12,0.0012230726741890852,0.7438840021990185,0.04608291782625279,0.0
2017-10-05,2552.1,2540.9,2552.5,2540.0,,0.57,0.0056744296016078,0.7537795492028669,0.04799896518122002,0.0
2017-10-06,2549.3,2547.4,2549.4,2543.8,,-0.11,-0.0010971356921749553,0.75185541506323,0.04854971289545774,-0.0010971356921749553
2017-10-09,2544.7,2551.4,2551.8,2541.6,,-0.18,-0.0018044168987566556,0.7486943375481114,0.04880504424110522,-0.0028995729007484927
2017-10-10,2550.6,2550.0,2555.2,2544.9,,0.23,0.0023185444256690335,0.7527487630566325,0.03557069862580612,-0.0005877512636651705
2017-10-11,2555.2,2550.6,2555.2,2547.9,,0.18,0.00180349721634121,0.7559098405717506,0.03475773643990124,0.0
2017-10-12,2550.9,2552.9,2555.3,2548.3,,-0.17,-0.00168284283030673,0.7529549202858794,0.03607266573519642,-0.00168284283030673
2017-10-13,2553.2,2555.7,2557.7,2552.1,,0.09,0.0009016425575285592,0.7545354590434383,0.035250290585213936,-0.0007827175954915333
2017-10-16,2557.6,2555.6,2559.5,2552.6,,0.17,0.0017233275889081412,0.7575590984057254,0.035220418425345706,0.0
2017-10-17,2559.4,2557.2,2559.7,2554.7,,0.07,0.0007037847982485079,0.7587960417812067,0.03521305985369227,0.0
2017-10-18,2561.3,2562.9,2564.1,2559.7,,0.07,0.000742361490974508,0.7601017042331035,0.035227528835168956,0.0
2017-10-19,2562.1,2553.4,2562.4,2547.9,,0.03,0.0003123413891381599,0.760651456844428,0.035285470531101516,0.0
2017-10-20,2575.2,2567.6,2575.4,2567.6,,0.51,0.005112993247726516,0.7696536558548734,0.03479427388470068,0.0
2017-10-23,2565.0,2578.1,2578.3,2564.3,,-0.4,-0.003960857409133212,0.762644310060481,0.03940975478965988,-0.003960857409133212
2017-10-24,2569.1,2568.7,2572.2,2565.6,,0.16,0.0015984405458089324,0.765461792193521,0.0374502323815211,-0.0023687480584031473
2017-10-25,2557.2,2566.5,2567.4,2544.0,,-0.46,-0.004631972286014641,0.7572842221000629,0.042666416858976125,-0.006989748369058746
2017-10-26,2560.4,2560.1,2567.1,2559.8,,0.13,0.0012513686844988214,0.7594832325453627,0.04131137667430826,-0.005747126436781547
2017-10-27,2581.1,2570.3,2583.0,2565.9,,0.81,0.008084674269645209,0.7737080813633943,0.04805143241532346,0.0
2017-10-30,2572.8,2577.8,2580.0,2568.2,,-0.32,-0.0032156832358295473,0.7680043980208986,0.049700024403500596,-0.0032156832358295473
2017-10-31,2575.3,2576.0,2578.3,2572.2,,0.1,0.000971703980099603,0.7697223749312891,0.04861135204261613,-0.002247103947929041
2017-11-01,2579.4,2583.2,2588.4,2574.9,,0.16,0.001592047528443219,0.7725398570643291,0.048455494278888026,-0.0006586339157722554
2017-11-02,2579.8,2579.5,2581.1,2566.2,,0.02,0.00015507482360233027,0.7728147333699915,0.04849008740570879,-0.00050366122970813
2017-11-03,2587.8,2581.9,2588.4,2576.8,,0.31,0.003101015582603228,0.7783122594832403,0.04597705309488677,0.0
2017-11-06,2591.1,2587.5,2593.4,2585.7,,0.13,0.0012752144678875865,0.7805799890049552,0.045563552938245336,0.0
2017-11-07,2590.6,2592.1,2597.0,2584.3,,-0.02,-0.00019296823742809277,0.7802363936228771,0.044747099235731336,-0.00019296823742809277
2017-11-08,2594.4,2588.7,2595.5,2585.0,,0.15,0.0014668416583032418,0.7828477185266707,0.0444927481722512,0.0
2017-11-09,2584.6,2584.0,2586.5,2566.3,,-0.38,-0.0037773666358310587,0.7761132490379405,0.04705653026578989,-0.0037773666358310587
2017-11-10,2582.3,2580.2,2583.8,2575.6,,-0.09,-0.0008898862493228465,0.7745327102803816,0.04666114606114252,-0.0046638914585259705
2017-11-13,2584.8,2576.5,2587.7,2574.5,,0.1,0.0009681291871588282,0.7762506871907722,0.04666736548033357,-0.0037002775208140326
2017-11-14,2578.9,2577.8,2579.7,2566.6,,-0.23,-0.0022825750541628498,0.7721962616822509,0.04749741978429081,-0.005974406413814415
2017-11-15,2564.6,2569.4,2572.8,2557.4,,-0.55,-0.005544999806119,0.7623694337548179,0.051736069956774634,-0.011486278137527006
2017-11-16,2585.6,2572.9,2590.1,2572.9,,0.82,0.008188411448178945,0.7768004398020965,0.05884009773675302,-0.0033919210607462613
2017-11-17,2578.8,2582.9,2584.0,2577.6,,-0.26,-0.002629950495049438,0.7721275426058349,0.059805641513425316,-0.006012950971322817
2017-11-20,2582.1,2579.5,2584.6,2578.2,,0.13,0.0012796649604465138,0.7743952721275498,0.05735569288077801,-0.004740980573543108
2017-11-21,2599.0,2589.2,2601.2,2589.2,,0.65,0.006545060222299615,0.7860087960417883,0.05941509893147105,0.0
2017-11-22,2597.1,2600.3,2600.9,2595.2,,-0.07,-0.0007310504040015653,0.7847031335898915,0.05948656734065073,-0.0007310504040015653
2017-11-24,2602.4,2600.4,2604.2,2600.4,,0.2,0.002040737745947485,0.7883452446399191,0.05662273360837875,0.0
2017-11-27,2601.4,2602.7,2606.4,2598.9,,-0.04,-0.00038426068244701295,0.7876580538757629,0.05675660295019025,-0.00038426068244701295
2017-11-28,2627.0,2605.9,2627.7,2605.4,,0.98,0.009840854924271447,0.8052501374381598,0.05985277686541397,0.0
2017-11-29,2626.1,2627.8,2634.9,2620.3,,-0.03,-0.0003425961172440761,0.8046316657504191,0.058200539204937216,-0.0003425961172440761
2017-11-30,2647.6,2633.9,2657.7,2633.9,,0.82,0.008187045428582396,0.8194062671797762,0.0633240067625658,0.0
2017-12-01,2642.2,2645.1,2650.6,2605.5,,-0.2,-0.002039583018582869,0.8156954370533331,0.06437334232057562,-0.002039583018582869
2017-12-04,2639.4,2657.2,2665.2,2639.0,,-0.11,-0.0010597229581408296,0.8137713029136961,0.06474731096107736,-0.0030971445837739697
2017-12-05,2629.6,2639.8,2648.7,2627.7,,-0.37,-0.0037129650678184856,0.807036833424966,0.06637099431520732,-0.0067986100619429335
2017-12-06,2629.3,2626.2,2634.4,2624.8,,-0.01,-0.00011408579251581674,0.8068306761957194,0.06641264749705676,-0.006911920229641821
2017-12-07,2637.0,2628.4,2641.0,2626.5,,0.29,0.0029285361122730613,0.8121220450797213,0.06675996448829026,-0.004003625925366294
2017-12-08,2651.5,2646.2,2651.7,2644.1,,0.55,0.005498672734167709,0.8220863111599854,0.0686601484964321,0.0
2017-12-11,2660.0,2652.2,2660.3,2651.5,,0.32,0.0032057326041863288,0.8279274326553125,0.06671263099775232,0.0
2017-12-12,2664.1,2661.7,2669.7,2659.8,,0.15,0.0015413533834585103,0.8307449147883523,0.06620060949628559,0.0
2017-12-13,2662.8,2667.6,2671.9,2662.8,,-0.05,-0.00048796967080799725,0.8298515667949495,0.06653776536179007,-0.00048796967080799725
2017-12-14,2652.0,2665.9,2668.1,2652.0,,-0.41,-0.004055881027489883,0.8224299065420633,0.06804920230749334,-0.004541871551368204
2017-12-15,2675.8,2660.6,2679.6,2659.1,,0.9,0.008974358974358942,0.8387850467289792,0.0681254063506168,0.0
2017-12-18,2690.2,2685.9,2695.0,2685.9,,0.54,0.005381568129157577,0.8486805937328274,0.065575563833657,0.0
2017-12-19,2681.5,2692.7,2694.4,2680.7,,-0.32,-0.003233960300349392,0.8427020340846691,0.06613212611535262,-0.003233960300349392
2017-12-20,2679.2,2688.2,2691.0,2676.1,,-0.09,-0.0008577288830878826,0.84112149532711,0.06678364003416518,-0.004088915322280839
2017-12-21,2684.6,2683.0,2692.6,2682.4,,0.2,0.002015527022992014,0.8448323254535532,0.06450550074576056,-0.002081629618615688
2017-12-22,2683.3,2684.2,2685.3,2678.1,,-0.05,-0.0004842434627131409,0.8439389774601505,0.06440101174438422,-0.0025648650657942307
2017-12-26,2680.5,2679.1,2682.7,2678.0,,-0.1,-0.0010434912234935645,0.842014843320513,0.06499674600601607,-0.0036056798751021857
2017-12-27,2682.6,2682.1,2685.6,2678.9,,0.08,0.0007834359261331691,0.8434579439252408,0.06471425758753549,-0.002825068768121275
2017-12-28,2687.5,2686.1,2687.7,2682.7,,0.18,0.0018265861477670953,0.8468251786696057,0.0571719377772314,-0.0010036428518325202
2017-12-29,2673.6,2689.2,2692.1,2673.6,,-0.52,-0.00517209302325583,0.8372732270478354,0.06101630914153226,-0.006170544940896527
2018-01-02,2695.8,2683.7,2695.9,2682.4,,0.83,0.008303411131059368,0.8525288620121017,0.06119342669580915,0.0
2018-01-03,2713.1,2697.8,2714.4,2697.8,,0.64,0.006417390014095803,0.8644172622320023,0.06311527936795351,0.0
2018-01-04,2724.0,2719.3,2729.3,2719.1,,0.4,0.004017544506284443,0.8719076415613043,0.06320518726975644,0.0
2018-01-05,2743.2,2731.3,2743.4,2727.9,,0.7,0.007048458149779613,0.8851017042331017,0.06299134466747533,0.0
2018-01-08,2747.7,2742.7,2748.5,2737.6,,0.16,0.0016404199475066328,0.8881940626718046,0.06253270776032302,0.0
2018-01-09,2751.3,2751.2,2759.1,2747.9,,0.13,0.0013101867016052093,0.8906679494227672,0.06251611949779004,0.0
2018-01-10,2748.2,2745.6,2750.8,2736.1,,-0.11,-0.0011267400865047073,0.8885376580538829,0.06209574540776044,-0.0011267400865047073
2018-01-11,2767.6,2753.0,2767.6,2752.8,,0.71,0.007059165999563355,0.9018691588785119,0.06464425985707745,0.0
2018-01-12,2786.2,2770.2,2787.8,2769.6,,0.67,0.00672062436768317,0.9146509070918158,0.06674004942835478,0.0
2018-01-16,2776.4,2799.0,2807.5,2768.6,,-0.35,-0.003517335438949054,0.9079164376030859,0.06903136377106762,-0.003517335438949054
2018-01-17,2802.6,2785.0,2807.0,2778.4,,0.94,0.009436680593574387,0.9259208356239765,0.06993373729313446,0.0
2018-01-18,2798.0,2802.4,2805.8,2792.6,,-0.16,-0.0016413330478840527,0.9227597581088585,0.06744824040863506,-0.0016413330478840527
2018-01-19,2810.3,2802.6,2810.3,2798.1,,0.44,0.004395997140814956,0.9312122045079791,0.06693538933735854,0.0
2018-01-22,2833.0,2809.2,2833.0,2808.1,,0.81,0.008077429455929819,0.9468114348543231,0.06706729732483262,0.0
2018-01-23,2839.1,2835.1,2842.2,2830.6,,0.22,0.0021531944934698455,0.9510032985156756,0.06589575532987178,0.0
2018-01-24,2837.5,2845.4,2853.0,2824.8,,-0.06,-0.000563558874291159,0.9499037932930257,0.06686750693163539,-0.000563558874291159
2018-01-25,2839.2,2846.2,2848.6,2830.9,,0.06,0.000599118942731236,0.951072017592091,0.06633092176189652,0.0
2018-01-26,2872.9,2847.5,2872.9,2846.2,,1.19,0.011869540715694571,0.9742303463441526,0.07198746826105425,0.0
2018-01-29,2853.5,2867.2,2870.6,2851.5,,-0.68,-0.006752758536670345,0.9608988455195235,0.07965368842271076,-0.006752758536670345
2018-01-30,2822.4,2832.7,2837.8,2818.3,,-1.09,-0.010898896092517929,0.939527212754268,0.09300829897852557,-0.017578057015559145
2018-01-31,2823.8,2832.4,2839.3,2813.0,,0.05,0.0004960317460318553,0.9404892798240867,0.08922703725045321,-0.01709074454384074
2018-02-01,2822.0,2816.4,2836.0,2812.7,,-0.06,-0.0006374389121043267,0.9392523364486056,0.08740976679027039,-0.01771728915033588
2018-02-02,2762.1,2808.9,2808.9,2760.0,,-2.12,-0.021226080793763313,0.8980896096756532,0.11776804409574636,-0.038567301333147785
2018-02-05,2648.9,2741.1,2763.4,2638.2,,-4.1,-0.04098330980051401,0.8202996151731792,0.18604065519652263,-0.07796999547495564
2018-02-06,2695.1,2614.8,2701.0,2593.1,,1.74,0.01744120200838073,0.8520478284771924,0.19515173989315138,-0.06188868390824609
2018-02-07,2681.7,2690.9,2727.7,2681.3,,-0.5,-0.004971986197172651,0.8428394722375003,0.1954671573929047,-0.06655296042326575
2018-02-08,2581.0,2685.0,2685.3,2580.6,,-3.76,-0.03755080732371252,0.7736393622869779,0.2323469088938071,-0.10160465035330157
2018-02-09,2619.6,2601.8,2638.7,2532.7,,1.5,0.014955443626501363,0.8001649257834047,0.24046059106459305,-0.08816874934734942
2018-02-12,2656.0,2636.8,2672.6,2622.4,,1.39,0.013895251183386748,0.8251786695986878,0.2448912601544011,-0.07549862508266914
2018-02-13,2662.9,2646.3,2668.8,2637.1,,0.26,0.002597891566264998,0.829920285871365,0.24348715155182335,-0.07309687075777094
2018-02-14,2698.6,2651.2,2702.1,2648.9,,1.34,0.013406436591685722,0.8544529961517389,0.24918390624560077,-0.06067040272894986
2018-02-15,2731.2,2713.5,2731.5,2689.8,,1.21,0.012080337953012554,0.8768554150632286,0.25077346451894683,-0.049322983744648385
2018-02-16,2732.2,2727.1,2754.4,2725.1,,0.04,0.0003661394258933637,0.8775426058273847,0.2508160402744676,-0.048974903407706605
2018-02-20,2716.3,2723.0,2737.6,2706.8,,-0.58,-0.005819486128394558,0.8666162726773026,0.2505370072781724,-0.054509380765080495
2018-02-21,2701.3,2720.5,2747.8,2701.3,,-0.55,-0.00552221772263739,0.8563084112149606,0.24840784060930196,-0.059730585819207094
2018-02-22,2704.0,2710.4,2731.3,2697.8,,0.1,0.0009995187502314096,0.8581638262781823,0.24818831171058658,-0.05879076890946433
2018-02-23,2747.3,2715.8,2747.8,2713.7,,1.6,0.01601331360946756,0.8879191863661431,0.2560838597807691,-0.04371889031988585
2018-02-26,2779.6,2757.4,2780.6,2753.8,,1.18,0.011756997779638123,0.910115448048386,0.26007360897083304,-0.032475895436666846
2018-02-27,2744.3,2780.4,2789.2,2744.2,,-1.27,-0.012699669017124715,0.8858576140736745,0.25882057179878365,-0.04476313133071108
2018-02-28,2713.8,2753.8,2761.5,2713.5,,-1.11,-0.011113945268374503,0.8648982957669122,0.26025592889007737,-0.05537958160743495
2018-03-01,2677.7,2715.2,2730.9,2659.7,,-1.33,-0.013302380425971094,0.8400907091808756,0.26139211415449887,-0.06794528177103287
2018-03-02,2691.2,2658.9,2696.2,2647.3,,0.5,0.005041640213616194,0.8493677844969834,0.2624925827569075,-0.06324619722231906
2018-03-05,2720.9,2681.1,2728.1,2675.8,,1.1,0.011035969084423503,0.8697773501924209,0.2664287004997918,-0.05290821121514844
2018-03-06,2728.1,2730.2,2732.1,2711.3,,0.26,0.0026461832481898817,0.874725123694345,0.256936152664595,-0.05040203278916777
2018-03-07,2726.8,2710.2,2730.6,2701.7,,-0.05,-0.0004765221216229687,0.8738317757009422,0.21058025351969684,-0.05085453722719202
2018-03-08,2739.0,2732.8,2740.4,2722.7,,0.45,0.00447410884553312,0.8822155030236467,0.2028335683306143,-0.04660795711650256
2018-03-09,2786.6,2752.9,2786.6,2751.5,,1.74,0.017378605330412578,0.9149257833974787,0.20942280496349652,-0.030039333078074493
2018-03-12,2783.0,2790.5,2797.0,2779.3,,-0.13,-0.001291896935333381,0.9124518966465165,0.15354415773359653,-0.03129242229106477
2018-03-13,2765.3,2792.3,2801.9,2758.7,,-0.64,-0.006360043118936343,0.900288620120953,0.15149074868027326,-0.03745344425493402
2018-03-14,2749.5,2774.1,2777.1,2744.4,,-0.57,-0.005713665786713951,0.8894310060472861,0.14830369466785415,-0.04295311357861398
2018-03-15,2747.3,2754.3,2763.0,2741.5,,-0.08,-0.0008001454809964947,0.8879191863661426,0.14850869440439796,-0.04371889031988585
2018-03-16,2752.0,2750.6,2761.8,2750.0,,0.17,0.0017107705747461122,0.8911489829576764,0.14211091769383882,-0.042082912736259526
2018-03-19,2712.9,2741.4,2741.4,2694.6,,-1.42,-0.01420784883720927,0.8642798240791718,0.14535892932666877,-0.05569285391068257
2018-03-20,2716.9,2715.1,2724.2,2710.1,,0.15,0.001474436949389979,0.8670285871357963,0.14547168243367792,-0.05430053256291556
2018-03-21,2711.9,2715.0,2739.1,2709.8,,-0.18,-0.001840332732158001,0.8635926333150157,0.14419179570876223,-0.05604093424762435
2018-03-22,2643.7,2691.4,2695.7,2641.6,,-2.51,-0.025148419926988574,0.8167262231995673,0.16770788407406328,-0.07978001322705286
2018-03-23,2588.3,2646.7,2657.7,2585.9,,-2.1,-0.020955479063433646,0.778655854865318,0.18116049505593076,-0.09906366389362664
2018-03-26,2658.6,2619.3,2661.4,2601.8,,2.72,0.027160684619248032,0.8269653655854938,0.1984327084160538,-0.07459361620662053
2018-03-27,2612.6,2667.6,2674.8,2596.1,,-1.73,-0.01730233957722105,0.7953545904343118,0.1995250000918444,-0.09060531170594177
2018-03-28,2605.0,2611.3,2632.7,2593.1,,-0.29,-0.0029089795605909963,0.7901319406267251,0.19630467766074805,-0.09325072226669917
2018-03-29,2640.9,2614.4,2659.1,2609.7,,1.38,0.013781190019193978,0.8148020890599306,0.2012683704438283,-0.08075463817048978
2018-04-02,2581.9,2633.4,2638.3,2553.8,,-2.23,-0.022340868643265566,0.7742578339747188,0.21033653817074827,-0.10129137805005395
2018-04-03,2614.4,2592.2,2619.1,2575.5,,1.26,0.012587629265269795,0.7965915338097931,0.2149352786062669,-0.08997876709944652
2018-04-04,2644.7,2584.0,2649.9,2573.6,,1.16,0.011589657282741639,0.8174134139637237,0.21534354181878917,-0.07943193289011108
2018-04-05,2662.8,2657.4,2672.1,2649.6,,0.68,0.006843876432109708,0.82985156679495,0.216790016791065,-0.07313167879146498
2018-04-06,2604.5,2645.8,2656.9,2586.3,,-2.19,-0.021894246657653715,0.7897883452446472,0.22844128420313808,-0.09342476243517006
2018-04-09,2613.2,2617.2,2653.6,2610.8,,0.33,0.0033403724323286532,0.7957669048928055,0.22806463857180628,-0.09039646350377673
2018-04-10,2656.9,2638.4,2665.4,2635.8,,1.67,0.016722791979182805,0.8257971412864289,0.2273677639965468,-0.07518535277942151
2018-04-11,2642.2,2643.9,2661.4,2639.2,,-0.55,-0.005532763747224334,0.8156954370533336,0.22763603411136574,-0.08030213373246553
2018-04-12,2664.0,2653.8,2674.7,2653.8,,0.83,0.008250700174097458,0.8306761957119375,0.2300242789602053,-0.072713982387135
2018-04-13,2656.3,2676.9,2680.3,2645.1,,-0.29,-0.002890390390390296,0.8253848268279356,0.2296072940010518,-0.07539420098158656
2018-04-16,2677.8,2670.1,2686.5,2665.2,,0.81,0.00809396529006512,0.8401594282572924,0.23202328981183895,-0.0679104737373385
2018-04-17,2706.4,2692.7,2713.3,2692.1,,1.07,0.01068040929120917,0.8598130841121578,0.23545599879746412,-0.057955376100804035
2018-04-18,2708.6,2710.1,2717.5,2703.6,,0.08,0.000812887969257936,0.8613249037933011,0.23028307422907143,-0.05718959935953227
2018-04-19,2693.1,2701.2,2702.8,2681.9,,-0.57,-0.005722513475596269,0.850673446948881,0.23106053553489567,-0.06258484458212965
2018-04-20,2670.1,2692.6,2693.9,2660.6,,-0.85,-0.008540343841669462,0.83486805937329,0.23277613888440427,-0.07059069233179027
2018-04-23,2670.3,2675.4,2682.9,2658.0,,0.01,7.490356166450773e-05,0.8350054975261214,0.21503264583659995,-0.07052107626440174
2018-04-24,2634.6,2680.8,2683.6,2617.3,,-1.34,-0.013369284350073118,0.8104727872457473,0.2069194379458967,-0.08294754429322293
2018-04-25,2639.4,2634.9,2645.3,2612.7,,0.18,0.0018219084491004622,0.8137713029136968,0.18376129178219258,-0.08127675867590245
2018-04-26,2666.9,2651.7,2676.5,2647.2,,1.04,0.010419034629082446,0.8326690489279907,0.1763495900281235,-0.07170454941000381
2018-04-27,2669.9,2675.5,2677.3,2659.0,,0.11,0.0011249015711125576,0.834730621220459,0.17576436667602624,-0.07066030839917847
2018-04-30,2648.1,2675.1,2682.9,2648.0,,-0.82,-0.00816509981647262,0.8197498625618551,0.17242976461252799,-0.07824845974450911
2018-05-01,2654.8,2643.6,2655.3,2625.4,,0.25,0.002530115932178001,0.8243540406817016,0.15177641608357664,-0.07591632148699912
2018-05-02,2635.7,2654.2,2660.9,2631.7,,-0.72,-0.007194515594395212,0.8112286970863192,0.1487957683313689,-0.082564655922587
2018-05-03,2629.7,2628.1,2637.1,2594.6,,-0.23,-0.002276435102629315,0.8071055525013824,0.14334355277549057,-0.08465313794423768
2018-05-04,2663.4,2621.4,2670.9,2615.3,,1.28,0.012815150017112309,0.8302638812534442,0.1484586857374607,-0.07292283058930005
2018-05-07,2672.6,2669.4,2683.3,2664.7,,0.35,0.003454231433505983,0.8365860362836806,0.12542477993502732,-0.06972049148943582
2018-05-08,2671.9,2670.3,2676.3,2655.2,,-0.03,-0.0002619172341539189,0.8361050027487715,0.1252924529843303,-0.06996414772529502
2018-05-09,2697.8,2678.1,2701.3,2674.1,,0.97,0.009693476552266267,0.8539032435404155,0.11628243362774855,-0.060948866998503215
2018-05-10,2723.1,2705.0,2726.1,2704.5,,0.94,0.009378011713247814,0.8712891698735656,0.11759080171058615,-0.052142434473876675
2018-05-11,2727.7,2722.7,2732.9,2717.4,,0.17,0.0016892512210349153,0.8744502473886839,0.11498669771956753,-0.05054126492394451
2018-05-14,2730.1,2733.4,2742.1,2725.5,,0.09,0.0008798621549290786,0.8760995052226588,0.11405507022797849,-0.04970587211528432
2018-05-15,2711.4,2718.6,2718.6,2701.9,,-0.68,-0.0068495659499651085,0.8632490379329392,0.11463532766791859,-0.05621497441609524
2018-05-16,2722.5,2712.6,2727.8,2712.2,,0.41,0.004093826067714135,0.8708768554150723,0.10950711245271312,-0.05235128267604161
2018-05-17,2720.1,2719.7,2732.0,2711.4,,-0.09,-0.0008815426997245135,0.8692275975810977,0.1095654144756477,-0.053186675484701906
2018-05-18,2713.0,2717.3,2719.5,2709.2,,-0.26,-0.002610198154479604,0.8643485431555891,0.10795552651886359,-0.055658045876988416
2018-05-21,2733.0,2725.9,2739.2,2725.7,,0.74,0.007371913011426479,0.8780923584387117,0.10544563086676534,-0.048696439138153136
2018-05-22,2724.4,2738.3,2742.2,2721.9,,-0.31,-0.003146725210391499,0.8721825178669689,0.10643785443969414,-0.051689930035852316
2018-05-23,2733.3,2714.0,2733.3,2709.5,,0.33,0.0032667743356336043,0.8782985156679586,0.09292877063130349,-0.04859201503707056
2018-05-24,2727.8,2730.9,2732.0,2707.4,,-0.2,-0.002012219661215342,0.8745189664650999,0.09384597360880821,-0.05050645689025024
2018-05-25,2721.3,2723.6,2727.4,2715.0,,-0.24,-0.0023828726446220028,0.870052226498085,0.08901861564282995,-0.0527689790803717
2018-05-29,2689.9,2705.1,2710.7,2676.8,,-1.15,-0.011538602873626624,0.8484744365035823,0.09900241860188495,-0.0636987016603432
2018-05-30,2724.0,2702.4,2729.3,2702.4,,1.27,0.012677051191493982,0.8719076415613063,0.10261249548161447,-0.05182916217062905
2018-05-31,2705.3,2721.0,2722.5,2700.7,,-0.69,-0.006864904552129181,0.8590571742715867,0.10636265172509701,-0.05833826447143997
2018-06-01,2734.6,2718.7,2736.9,2718.7,,1.08,0.010830591801278766,0.8791918636613609,0.10736117001060454,-0.04813951059904631
2018-06-04,2746.9,2741.7,2749.2,2740.5,,0.45,0.004497915600087721,0.8876443100604814,0.10670088943677197,-0.043858122454662585
2018-06-05,2748.8,2748.5,2752.6,2739.5,,0.07,0.0006916888128436494,0.8889499725123782,0.0993741102150814,-0.04319676981447318
2018-06-06,2772.3,2753.2,2772.4,2748.5,,0.85,0.008549185098952305,0.9050989554700473,0.10215045380215435,-0.03501688189634167
2018-06-07,2770.4,2774.8,2779.9,2760.2,,-0.07,-0.0006853515131840515,0.9037932930181505,0.10226679875817726,-0.03567823453653107
2018-06-08,2779.0,2765.8,2779.4,2763.6,,0.31,0.0031042448743863194,0.9097031335898931,0.09828377478358588,-0.03268474363883189
2018-06-11,2782.0,2780.2,2790.2,2780.2,,0.11,0.0010795250089961073,0.9117647058823617,0.09393752218396766,-0.03164050262800655
2018-06-12,2786.8,2785.6,2789.8,2778.8,,0.17,0.0017253774263121802,0.9150632215503114,0.09394077003974365,-0.02996971701068607
2018-06-13,2775.6,2787.9,2791.5,2774.7,,-0.4,-0.004018946461891826,0.9073666849917625,0.0955633736239097,-0.03386821678443386
2018-06-14,2782.5,2783.2,2789.1,2776.5,,0.25,0.00248594898400345,0.9121083012644398,0.09152864854883737,-0.03146646245953566
2018-06-15,2779.7,2777.8,2782.8,2761.7,,-0.1,-0.0010062893081761448,0.9101841671248025,0.09123609385787403,-0.03244108740297269
2018-06-18,2773.8,2765.8,2775.0,2757.1,,-0.21,-0.0021225312084036663,0.9061297416162817,0.09165993770221652,-0.034494761390928996
2018-06-19,2762.6,2752.0,2765.1,2743.2,,-0.4,-0.004037782103972987,0.8984332050577328,0.09248772124993984,-0.038393261164676895
2018-06-20,2767.3,2769.7,2774.9,2763.9,,0.17,0.001701295880692122,0.9016630016492666,0.08951004953073231,-0.03675728358105046
2018-06-21,2749.8,2769.3,2769.3,2744.4,,-0.63,-0.006323853575687544,0.8896371632765341,0.09183622590558192,-0.0428486894775314
2018-06-22,2754.9,2760.8,2764.2,2752.7,,0.19,0.0018546803403882706,0.8931418361737302,0.09142137574609704,-0.04107347975912845
2018-06-25,2717.1,2742.9,2742.9,2698.7,,-1.37,-0.01372100620712191,0.8671660252886284,0.1034988758847762,-0.05423091649552725
2018-06-26,2723.1,2722.1,2732.9,2715.6,,0.22,0.002208236722976764,0.8712891698735654,0.10348225065574332,-0.052142434473876675
2018-06-27,2699.6,2728.4,2746.1,2699.4,,-0.86,-0.008629870368330184,0.8551401869158963,0.09980246645649465,-0.06032232239200819
2018-06-28,2716.3,2698.7,2724.3,2692.0,,0.62,0.006186101644688247,0.8666162726773041,0.0917803406568139,-0.054509380765080495
2018-06-29,2718.4,2727.1,2743.3,2718.0,,0.08,0.0007731104811692369,0.8680593732820321,0.08846035433888362,-0.05377841205750289
2018-07-02,2726.7,2704.9,2727.3,2698.9,,0.31,0.0030532666274278863,0.873763056624528,0.08047605242399498,-0.05088934526088629
2018-07-03,2713.2,2733.3,2736.6,2711.2,,-0.5,-0.004951039718340877,0.8644859813084202,0.08029255683836233,-0.055588429809600104
2018-07-05,2736.6,2724.2,2737.8,2716.0,,0.86,0.008624502432551973,0.8805662451896739,0.0863443956522445,-0.04744334992516275
2018-07-06,2759.8,2737.7,2764.4,2733.5,,0.85,0.00847767302492164,0.8965090709180965,0.08625342470108692,-0.0393678861081137
2018-07-09,2784.2,2768.5,2784.7,2768.5,,0.88,0.008841220378288162,0.913276525563506,0.09171947214984835,-0.03087472588673479
2018-07-10,2793.8,2788.6,2795.6,2786.2,,0.34,0.0034480281588966655,0.919873556899405,0.09186177052328874,-0.027533154652093716
2018-07-11,2774.0,2779.8,2785.9,2770.8,,-0.71,-0.0070871214832844975,0.9062671797691133,0.09524754789516485,-0.034425145323540685
2018-07-12,2798.3,2783.1,2799.2,2781.5,,0.88,0.008759913482335957,0.9229659153381073,0.09996516353547996,-0.025966793135855704
2018-07-13,2801.3,2796.9,2804.5,2791.7,,0.11,0.001072079476825305,0.925027487630576,0.09879708431495716,-0.024922552125030473
2018-07-16,2798.4,2801.4,2803.7,2793.4,,-0.1,-0.0010352336415235808,0.9230346344145233,0.09863900165177304,-0.025931985102161548
2018-07-17,2809.6,2789.3,2814.2,2789.2,,0.4,0.004002287021154904,0.9307311709730719,0.09933326652701253,-0.02203348532841387
2018-07-18,2815.6,2811.3,2816.8,2805.9,,0.21,0.002135535307516978,0.9348543155580085,0.09899611245805703,-0.019945003306763298
2018-07-19,2804.5,2809.4,2812.1,2799.8,,-0.39,-0.0039423213524648615,0.9272264980758753,0.09893870669859361,-0.02380869504681682
2018-07-20,2801.8,2804.6,2809.7,2800.0,,-0.1,-0.0009627384560526586,0.925371083012654,0.09904141334677354,-0.024748511956559582
2018-07-23,2807.0,2799.2,2808.6,2795.1,,0.19,0.0018559497465913122,0.9289444749862656,0.09582843981552386,-0.022938494204462367
2018-07-24,2820.4,2820.7,2830.0,2811.1,,0.48,0.004773779836124037,0.9381528312259579,0.09668683313997711,-0.018274217689442707
2018-07-25,2846.1,2817.7,2848.0,2817.7,,0.91,0.009112182669124946,0.9558136338647705,0.08399528865139387,-0.009328553030039433
2018-07-26,2837.4,2835.5,2845.6,2835.3,,-0.31,-0.003056814588384027,0.9498350742166122,0.08596523764188019,-0.012356851961432658
2018-07-27,2818.8,2842.3,2843.2,2808.3,,-0.66,-0.006555297102981528,0.9370533260033083,0.08298984708659898,-0.018831146228549533
2018-07-30,2802.6,2819.0,2821.7,2798.1,,-0.57,-0.005747126436781658,0.9259208356239788,0.08578544893080911,-0.024470047687006224
2018-07-31,2816.3,2809.7,2824.5,2808.1,,0.49,0.004888317990437541,0.9353353490929179,0.08652472562009961,-0.019701347070903985
2018-08-01,2813.4,2821.2,2825.8,2805.8,,-0.1,-0.0010297198451869605,0.933342495876865,0.08687561619030817,-0.02071078004803506
2018-08-02,2827.2,2800.5,2829.9,2796.3,,0.49,0.004905097035615258,0.9428257284222197,0.08431697275881997,-0.015907271398238776
2018-08-03,2840.3,2829.6,2840.4,2827.4,,0.46,0.004633559705716106,0.9518279274326653,0.0814355948805978,-0.011347418984301583
2018-08-06,2850.4,2840.3,2853.3,2836.0,,0.36,0.0035559623983381083,0.9587685541506421,0.07805374537453445,-0.007831807581189731
2018-08-07,2858.4,2855.9,2863.4,2855.9,,0.28,0.002806623631770977,0.9642660802638912,0.07362554716807222,-0.005047164885655597
2018-08-08,2857.7,2856.8,2862.4,2853.1,,-0.02,-0.0002448922474111992,0.9637850467289817,0.07335581088301883,-0.00529082112151491
2018-08-09,2853.6,2857.2,2862.5,2852.0,,-0.14,-0.001434720229555153,0.9609675645959417,0.06782371479893001,-0.006717950502976189
2018-08-10,2833.3,2839.6,2842.2,2825.8,,-0.71,-0.00711382113821124,0.9470175920835724,0.06828158655754789,-0.013783981342893936
2018-08-13,2821.9,2835.5,2843.4,2819.9,,-0.4,-0.004023576747961721,0.9391836173721926,0.07009606205861448,-0.017752097184030036
2018-08-14,2840.0,2827.9,2843.1,2826.6,,0.64,0.006414118147347603,0.9516217702034186,0.0729231382994748,-0.011451843085384161
2018-08-15,2818.4,2827.9,2827.9,2802.5,,-0.76,-0.007605633802816869,0.9367784496976463,0.07728208400712425,-0.018970378363326268
2018-08-16,2840.7,2831.4,2850.5,2831.4,,0.79,0.007912290661368004,0.9521028037383279,0.08161205443997481,-0.01120818684952496
2018-08-17,2850.1,2838.3,2855.6,2833.7,,0.33,0.003309043545604906,0.9585623969213954,0.08057030253440053,-0.00793623168227231
2018-08-20,2857.1,2853.9,2859.8,2850.6,,0.25,0.0024560541735376695,0.9633727322704881,0.08050861190171878,-0.0054996693236799565
2018-08-21,2863.0,2861.5,2873.2,2861.3,,0.21,0.0020650309754646212,0.9674271577790092,0.08054172372441261,-0.0034459953357235396
2018-08-22,2861.8,2861.0,2867.5,2856.1,,-0.04,-0.00041914076143900747,0.9666025288620219,0.07943940755053497,-0.003863691740053521
2018-08-23,2857.0,2860.3,2868.8,2854.0,,-0.17,-0.0016772660563282304,0.9633040131940724,0.07363419242106051,-0.005534477357374112
2018-08-24,2874.7,2862.3,2876.2,2862.3,,0.62,0.006195309765488322,0.9754672897196361,0.07544319548970338,0.0
2018-08-27,2896.7,2884.7,2898.2,2884.7,,0.77,0.007652972484085252,0.990585486531071,0.07443429396489734,0.0
2018-08-28,2897.5,2901.4,2903.8,2893.5,,0.03,0.0002761763385923377,0.9911352391423962,0.07003376188254232,0.0
2018-08-29,2914.0,2900.6,2916.5,2898.4,,0.57,0.005694564279551395,1.0024738867509724,0.07056496273154306,0.0
2018-08-30,2901.1,2908.9,2912.5,2895.2,,-0.44,-0.004426904598490045,0.9936091258933584,0.07311634619927714,-0.004426904598490045
2018-08-31,2901.5,2898.4,2906.3,2891.7,,0.01,0.00013787873565207498,0.993884002199021,0.07215533941394457,-0.004289636238846928
2018-09-04,2896.7,2897.0,2900.2,2885.1,,-0.17,-0.0016543167327245367,0.9905854865310713,0.07172203124629643,-0.005936856554564218
2018-09-05,2888.6,2891.6,2894.2,2876.9,,-0.28,-0.002796285428245948,0.9850192413414065,0.07218408905989193,-0.008716540837336972
2018-09-06,2878.1,2888.6,2892.1,2867.3,,-0.36,-0.0036349788825036367,0.9778037383177671,0.07319436183559515,-0.012319835277968427
2018-09-07,2871.7,2868.3,2883.8,2864.1,,-0.22,-0.0022236892394288388,0.9734057174271677,0.07371180605040284,-0.014516129032258074
2018-09-10,2877.1,2881.4,2886.9,2875.9,,0.19,0.00188041926385063,0.9771165475536108,0.07365563413461826,-0.012663006177076164
2018-09-11,2887.9,2871.6,2892.5,2866.8,,0.38,0.003753779847763372,0.984538207806497,0.06916942841152512,-0.008956760466712343
2018-09-12,2888.9,2888.3,2894.7,2879.2,,0.03,0.00034627237785245235,0.9852253985706532,0.06685318429780278,-0.008613589567604607
2018-09-13,2904.2,2896.8,2906.8,2896.4,,0.53,0.00529613347640967,0.995739417262242,0.06584357714715211,-0.0033630748112560838
2018-09-14,2905.0,2906.4,2908.3,2895.8,,0.03,0.00027546312237447523,0.996289169873567,0.057940176761982994,-0.00308853809196985
2018-09-17,2888.8,2903.8,2904.7,2886.2,,-0.56,-0.005576592082616072,0.9851566794942379,0.05782125759304945,-0.008647906657515358
2018-09-18,2904.3,2890.7,2911.2,2890.4,,0.54,0.005365549709221762,0.995808136338658,0.05936123627894832,-0.0033287577213452213
2018-09-19,2907.9,2906.6,2912.4,2903.8,,0.12,0.0012395413696932867,0.9982820230896201,0.05910954913333903,-0.0020933424845572812
2018-09-20,2930.8,2919.7,2934.8,2919.7,,0.79,0.007875098868599384,1.0140186915887957,0.06385512507452495,0.0
2018-09-21,2929.7,2936.8,2940.9,2927.1,,-0.04,-0.0003753241435786592,1.0132627817482236,0.06384197205937032,-0.0003753241435786592
2018-09-24,2919.4,2921.8,2923.8,2912.6,,-0.35,-0.0035157183329350694,1.0061847168774154,0.06516271796475505,-0.003889722942541307
2018-09-25,2915.6,2921.8,2923.9,2913.7,,-0.13,-0.001301637322737581,1.0035733919736218,0.06281864231249977,-0.005186297256721817
2018-09-26,2906.0,2917.0,2931.2,2903.3,,-0.33,-0.0032926327342570616,0.9969763606377231,0.05882701502421512,-0.008461853418861853
2018-09-27,2914.0,2911.7,2927.2,2909.3,,0.28,0.002752924982794225,1.0024738867509724,0.05951076597406736,-0.005732223283745119
2018-09-28,2914.0,2910.0,2920.5,2907.5,,0.0,0.0,1.0024738867509724,0.05615379401435276,-0.005732223283745119
2018-10-01,2924.6,2926.3,2937.1,2917.9,,0.36,0.0036376115305420953,1.009758108851027,0.05507099839415454,-0.0021154633547155743
2018-10-02,2923.4,2923.8,2931.4,2919.4,,-0.04,-0.00041031252137035956,1.00893347993404,0.05513532086565561,-0.00252490787498294
2018-10-03,2925.5,2931.7,2939.9,2921.4,,0.07,0.0007183416569747081,1.0103765805387677,0.05465151607810808,-0.0018083799645148835
2018-10-04,2901.6,2919.3,2919.8,2883.9,,-0.82,-0.008169543667749135,0.993952721275436,0.06145286268263832,-0.009963149993176046
2018-10-05,2885.6,2902.5,2909.6,2869.3,,-0.55,-0.005514199062586211,0.9829576690489377,0.06325690771389635,-0.015422410263409403
2018-10-08,2884.4,2877.5,2889.4,2862.1,,-0.04,-0.0004158580537841905,0.9821330401319506,0.0627164992156951,-0.01583185478367688
2018-10-09,2880.3,2882.5,2894.8,2874.3,,-0.14,-0.00142143946748019,0.9793155579989106,0.06265642404530543,-0.017230790227924064
2018-10-10,2785.7,2873.9,2874.0,2784.9,,-3.28,-0.032843800992952255,0.91430731170974,0.12881043556638103,-0.049508666575679094
2018-10-11,2728.4,2776.9,2795.1,2710.5,,-2.06,-0.020569336253006276,0.8749312809235938,0.14412643198954042,-0.0690596424184523
2018-10-12,2767.1,2770.5,2775.8,2729.4,,1.42,0.014184137223280935,0.9015255634964361,0.15331829049592907,-0.05585505663982537
2018-10-15,2750.8,2763.8,2776.0,2749.0,,-0.59,-0.0058906436341295,0.8903243540406913,0.15352371228607417,-0.061416678040125516
2018-10-16,2809.9,2767.1,2813.5,2766.9,,2.15,0.021484659008288443,0.9309373282023188,0.17404726755630998,-0.041251535416951035
2018-10-17,2809.2,2811.7,2816.9,2781.8,,-0.02,-0.00024911918573622405,0.9304562946674093,0.1724334111471522,-0.04149037805377387
2018-10-18,2768.8,2802.0,2806.0,2755.2,,-1.44,-0.014381318524846809,0.9026937877955017,0.1776856417002909,-0.05527501023611303
2018-10-19,2767.8,2775.7,2797.8,2760.3,,-0.04,-0.00036116729268997894,0.9020065970313456,0.17401231993198968,-0.05561621400300254
2018-10-22,2755.9,2773.9,2778.9,2749.2,,-0.43,-0.0042994436014163195,0.8938290269378875,0.17389305685245804,-0.05967653882898871
2018-10-23,2740.7,2721.0,2753.6,2691.4,,-0.55,-0.005515439602307826,0.8833837273227141,0.17412727811337536,-0.06486283608571053
2018-10-24,2656.1,2737.9,2742.6,2651.9,,-3.09,-0.030868026416608907,0.8252473886751053,0.19896097916479666,-0.09372867476456948
2018-10-25,2705.6,2674.9,2722.7,2667.8,,1.86,0.01863634652309787,0.859263331500834,0.21434156871568769,-0.07683908830353492
2018-10-26,2658.7,2667.9,2692.4,2628.2,,-1.73,-0.017334417504435318,0.8270340846619113,0.21843903404073406,-0.09284154497065655
2018-10-29,2641.2,2682.7,2706.8,2603.5,,-0.66,-0.0065821642155941,0.815008246289179,0.2180090145835743,-0.0988126108912244
2018-10-30,2682.6,2640.7,2685.4,2635.3,,1.57,0.015674693321217736,0.8434579439252432,0.22750625602465477,-0.0846867749419955
2018-10-31,2711.7,2705.6,2736.7,2705.6,,1.08,0.010847685081637248,0.8634551951621867,0.23302389673498677,-0.0747577453255085
2018-11-01,2740.4,2717.6,2741.7,2708.8,,1.06,0.01058376664085281,0.8831775700934681,0.23771687914973347,-0.06496519721577731
2018-11-02,2723.1,2745.4,2756.6,2700.4,,-0.63,-0.006312947015034376,0.8712891698735667,0.2372948058271749,-0.07086802238296719
2018-11-05,2738.3,2726.4,2744.3,2717.9,,0.56,0.005581873599941334,0.8817344694887401,0.23886945474154603,-0.06568172512624537
2018-11-06,2755.4,2738.4,2756.8,2737.1,,0.62,0.0062447503925793235,0.8934854315558101,0.24066830288551133,-0.059847140712433466
2018-11-07,2813.9,2774.1,2815.2,2774.1,,2.12,0.02123103723597297,0.9336860912589438,0.25386401161650374,-0.03988672034939267
2018-11-08,2806.8,2806.4,2814.8,2795.0,,-0.25,-0.002523188457301262,0.9288070368334351,0.22613782627566914,-0.04230926709430871
2018-11-09,2781.0,2794.1,2794.1,2764.2,,-0.92,-0.009191962377084306,0.9110775151182067,0.21601713675054268,-0.05111232428006007
2018-11-12,2726.2,2773.9,2776.0,2722.0,,-1.97,-0.01970514203523921,0.8734194612424504,0.2217750135571867,-0.06981029070560951
2018-11-13,2722.2,2730.1,2754.6,2715.0,,-0.15,-0.0014672437825544726,0.8706706981858259,0.2209772849379828,-0.07117510577316788
2018-11-14,2701.6,2737.9,2746.8,2685.8,,-0.76,-0.007567408713540447,0.8565145684442097,0.20720397224073184,-0.07820390337109329
2018-11-15,2730.2,2693.5,2735.4,2670.8,,1.06,0.010586319218240936,0.8761682242990749,0.21157198256898394,-0.06844547563805115
2018-11-16,2736.3,2718.5,2746.8,2712.2,,0.22,0.002234268551754681,0.8803600879604279,0.2063657541249318,-0.06636413266002461
2018-11-19,2690.7,2730.7,2733.2,2681.1,,-1.67,-0.016664839381646868,0.849024189114908,0.21383913192960838,-0.08192302443018984
2018-11-20,2641.9,2654.6,2669.4,2631.5,,-1.81,-0.018136544393652088,0.8154892798240889,0.22155225762281525,-0.09857376825440156
2018-11-21,2649.9,2657.7,2670.7,2649.8,,0.3,0.003028123698853191,0.8209868059373382,0.22178027446509418,-0.09584413811928483
2018-11-23,2632.6,2633.4,2647.6,2631.1,,-0.65,-0.006528548247103694,0.8090984057174371,0.19567416583546965,-0.10174696328647481
2018-11-26,2673.4,2650.0,2674.3,2650.0,,1.55,0.015497986781128903,0.8371357888950073,0.1921065991324068,-0.0878258495973796
2018-11-27,2682.2,2663.8,2682.5,2655.9,,0.33,0.0032916884865712426,0.8431830676195811,0.18237357070232796,-0.08482325644875133
2018-11-28,2743.8,2691.4,2744.0,2684.4,,2.3,0.022966221758258243,0.8855140186915991,0.19615627496098426,-0.06380510440835263
2018-11-29,2737.8,2737.0,2753.8,2722.9,,-0.22,-0.002186748305270103,0.8813908741066623,0.19000167386885944,-0.06585232700969024
2018-11-30,2760.2,2737.8,2760.9,2732.8,,0.82,0.008181751771495271,0.8967839472237595,0.18848588433968622,-0.05820936263136356
2018-12-03,2790.4,2790.5,2800.2,2773.4,,1.09,0.010941236142308686,0.9175371083012751,0.1887209349521401,-0.047905008871298005
2018-12-04,2700.1,2782.4,2785.9,2697.2,,-3.24,-0.03236095183486243,0.8554837822979762,0.22025212476631922,-0.07871570902142766
2018-12-06,2695.9,2663.5,2696.2,2621.5,,-0.16,-0.0015554979445204786,0.8525975810885207,0.21923106742233814,-0.08014876484236388
2018-12-07,2633.1,2691.3,2708.5,2623.1,,-2.33,-0.02329463259022968,0.8094420010995154,0.23108338933372077,-0.10157636140302995
2018-12-10,2637.7,2630.9,2647.5,2583.2,,0.17,0.0017469902396414216,0.8126030786146334,0.2156850887516148,-0.1000068240753379
2018-12-11,2636.8,2664.4,2674.3,2621.3,,-0.03,-0.0003412063540204624,0.811984606926893,0.21587645482342882,-0.10031390746553837
2018-12-12,2651.1,2658.2,2685.4,2650.3,,0.54,0.005423240291261955,0.8218114348543253,0.2164300981420165,-0.09543469359901746
2018-12-13,2650.5,2658.7,2670.2,2637.3,,-0.02,-0.00022632114971143924,0.8213991203958315,0.20687107129940882,-0.09563941585915114
2018-12-14,2599.9,2629.7,2635.1,2593.8,,-1.91,-0.019090737596679785,0.7866272677295314,0.2159058121320314,-0.11290432646376414
2018-12-17,2545.9,2590.8,2601.1,2530.5,,-2.08,-0.020770029616523744,0.7495189664651001,0.22478161250413503,-0.13132932987580181
2018-12-18,2546.2,2559.9,2574.0,2528.7,,0.01,0.00011783652146579726,0.7497251236943467,0.2198404482727992,-0.13122696874573503
2018-12-19,2507.0,2547.1,2585.3,2489.0,,-1.54,-0.015395491320398969,0.7227872457394264,0.22278711518255673,-0.14460215640780683
2018-12-20,2467.4,2496.8,2509.6,2441.2,,-1.58,-0.01579577183885117,0.6955744914788435,0.22218733161664722,-0.15811382557663434
2018-12-21,2416.6,2465.4,2504.4,2408.6,,-2.06,-0.020588473697009113,0.6606652006597118,0.2243020224289077,-0.1754469769346254
2018-12-24,2351.1,2400.6,2410.3,2351.1,,-2.71,-0.0271041959778201,0.615654205607485,0.23614380847099598,-0.19779582366589332
2018-12-26,2467.7,2363.1,2467.8,2346.6,,4.96,0.049593807154098,0.69578064870809,0.3036638122386477,-0.15801146444656755
2018-12-27,2488.8,2442.5,2489.1,2397.9,,0.86,0.008550472099525974,0.7102803738317847,0.29928154677581686,-0.15081206496519717
2018-12-28,2485.7,2498.8,2520.3,2472.9,,-0.12,-0.001245580199292995,0.7081500824629003,0.29844670829036996,-0.15186979664255507
2018-12-31,2506.8,2498.9,2509.2,2482.8,,0.85,0.008488554531922654,0.7226498075865948,0.2862661832186402,-0.14467039716118468
2019-01-02,2510.0,2477.0,2519.5,2467.5,,0.13,0.0012765278442634642,0.7248488180318942,0.28681459308866464,-0.14357854510713808
2019-01-03,2447.9,2491.9,2493.1,2444.0,,-2.47,-0.024741035856573723,0.6821742715777983,0.2918641420075969,-0.1647672990309813
2019-01-04,2531.9,2474.3,2538.1,2474.3,,3.43,0.0343151272519302,0.7398982957669133,0.318511273345458,-0.13610618261225604
2019-01-07,2549.7,2535.6,2566.2,2524.6,,0.7,0.007030293455507541,0.7521302913688923,0.30387828146292817,-0.13003275556162153
2019-01-08,2574.4,2568.1,2579.8,2547.6,,0.97,0.009687414205592937,0.7691039032435489,0.30682465307721346,-0.1216050225194486
2019-01-09,2585.0,2580.0,2595.3,2568.9,,0.41,0.004117464263517778,0.776388125343604,0.2974229021173304,-0.11798826259041906
2019-01-10,2596.6,2573.5,2597.8,2562.0,,0.45,0.0044874274661508284,0.784359538207815,0.2978595561700299,-0.11403029889449989
2019-01-11,2596.3,2588.1,2596.3,2577.4,,-0.01,-0.00011553570053135509,0.7841533809785683,0.2978628755523603,-0.11413266002456668
2019-01-14,2582.6,2580.3,2589.3,2570.4,,-0.53,-0.005276739976119993,0.7747388675096292,0.29745581273929095,-0.11880715163095412
2019-01-15,2610.3,2585.1,2613.1,2585.1,,1.07,0.010725625338805944,0.7937740516767542,0.3002581783848332,-0.10935580728811245
2019-01-16,2616.1,2614.8,2625.8,2612.7,,0.22,0.002221966823736654,0.7977597581088596,0.2926646020672057,-0.10737682544015292
2019-01-17,2636.0,2609.3,2645.1,2606.4,,0.76,0.007606742861511417,0.8114348543155667,0.2830842959342003,-0.10058687047905013
2019-01-18,2670.7,2651.3,2675.5,2647.6,,1.32,0.013163884673748072,0.8352803738317844,0.28569850065830243,-0.08874709976798156
2019-01-22,2632.9,2657.9,2657.9,2617.3,,-1.42,-0.01415359269105465,0.8093045629466828,0.2847530828817385,-0.1016446021564078
2019-01-23,2638.7,2643.5,2653.2,2612.9,,0.22,0.0022028941471379238,0.813290269378788,0.2769095805899548,-0.09966562030844828
2019-01-24,2642.3,2638.8,2647.2,2627.0,,0.14,0.0013643081820595704,0.8157641561297504,0.2631004054984547,-0.09843728674764574
2019-01-25,2664.8,2657.4,2672.4,2657.3,,0.85,0.008515308632630614,0.8312259483232634,0.23701689915584498,-0.09076020199263002
2019-01-28,2643.8,2645.0,2645.0,2624.1,,-0.79,-0.007880516361453038,0.8167949422759846,0.1811147914703179,-0.09792548109731136
2019-01-29,2640.0,2644.9,2650.9,2631.1,,-0.14,-0.001437325062410233,0.8141836173721912,0.1808054570378166,-0.09922205541149176
2019-01-30,2681.1,2653.6,2690.4,2648.3,,1.56,0.01556818181818187,0.8424271577790083,0.18530398301083212,-0.08519858059232988
2019-01-31,2704.1,2685.5,2708.9,2678.7,,0.86,0.008578568498004646,0.8582325453545996,0.18533370727521964,-0.07735089395386929
2019-02-01,2706.5,2702.3,2716.7,2696.9,,0.09,0.0008875411412299083,0.8598818031885742,0.18540212509821818,-0.07653200491333434
2019-02-04,2724.9,2706.5,2725.0,2698.8,,0.68,0.0067984481803067265,0.8725261132490472,0.1540698299627037,-0.07025385560256592
2019-02-05,2737.7,2728.3,2739.0,2724.0,,0.47,0.004697420088810578,0.8813221550302457,0.11182710339162114,-0.06588644738637928
2019-02-06,2731.6,2735.1,2738.1,2724.2,,-0.22,-0.0022281477152353846,0.8771302913688934,0.11300014879804308,-0.0679677903644057
2019-02-07,2706.1,2717.5,2719.3,2687.3,,-0.93,-0.009335188168106634,0.8596069268829121,0.11855249966526107,-0.07666848642009017
2019-02-08,2707.9,2692.4,2708.1,2681.8,,0.07,0.0006651638889916267,0.8608438702583934,0.11852742415538925,-0.0760543196396889
2019-02-11,2709.8,2712.4,2718.1,2703.8,,0.07,0.0007016507256545346,0.8621495327102899,0.11834864635382807,-0.07540603248259858
2019-02-12,2744.7,2722.6,2748.2,2722.6,,1.29,0.012879179275223196,0.8861324903793388,0.12377468049461973,-0.06349802101815216
2019-02-13,2753.0,2750.3,2761.8,2748.6,,0.3,0.003024009910008507,0.891836173721835,0.1203443580221697,-0.06066602975296853
2019-02-14,2745.7,2743.5,2757.9,2731.2,,-0.27,-0.002651652742462818,0.8868196811434952,0.11853673851692831,-0.06315681725126254
2019-02-15,2775.6,2760.2,2775.7,2760.2,,1.09,0.010889754889463532,0.9073666849917637,0.12208780627006355,-0.052954824621263885
2019-02-19,2779.8,2769.3,2787.3,2767.3,,0.15,0.0015131863380890564,0.9102528862012194,0.12091577229742025,-0.05152176880032755
2019-02-20,2784.7,2779.1,2789.9,2774.1,,0.18,0.001762716742211623,0.9136201209455843,0.11460327036340777,-0.049849870342568714
2019-02-21,2774.9,2780.2,2781.6,2764.6,,-0.35,-0.0035192300786439645,0.9068856514568544,0.10078408353690996,-0.05319366725808661
2019-02-22,2792.7,2780.7,2794.2,2779.1,,0.64,0.006414645572813349,0.9191176470588334,0.10166737833356569,-0.04712024020745198
2019-02-25,2796.1,2804.3,2813.5,2795.0,,0.12,0.0012174598059226938,0.9214540956569643,0.10169339677049087,-0.04596014740002741
2019-02-26,2793.9,2792.4,2803.1,2789.5,,-0.08,-0.0007868101999212174,0.9199422759758211,0.10010367287202183,-0.04671079568718439
2019-02-27,2792.4,2787.5,2795.8,2775.1,,-0.05,-0.0005368839256952862,0.9189114898295869,0.09374784216398484,-0.047222601337518766
2019-02-28,2784.5,2788.1,2793.7,2782.5,,-0.28,-0.002829107577710932,0.9134826827927536,0.09462739006320066,-0.04991811109594657
2019-03-01,2803.7,2798.2,2808.0,2787.4,,0.69,0.006895313341712894,0.926676745464551,0.08374625891768427,-0.04336699877166661
2019-03-04,2792.8,2814.4,2816.9,2767.7,,-0.39,-0.0038877197988371748,0.9191863661352493,0.08280774918589498,-0.04708611983076294
2019-03-05,2789.7,2794.4,2796.4,2783.0,,-0.11,-0.001109997135491425,0.917056074766365,0.08329708398747757,-0.04814385150812073
2019-03-06,2771.4,2790.3,2790.3,2768.7,,-0.66,-0.006559845144639143,0.9044804837823079,0.08533042008546993,-0.05438788044220011
2019-03-07,2748.9,2766.5,2767.2,2739.1,,-0.81,-0.008118640398354637,0.889018691588795,0.08944252222645789,-0.06206496519721583
2019-03-08,2743.1,2730.8,2744.1,2722.3,,-0.21,-0.002109934883044229,0.8850329851566892,0.08940285655129221,-0.06404394704517546
2019-03-11,2783.3,2747.6,2784.0,2747.6,,1.47,0.014654952426087275,0.9126580538757658,0.09552760607960212,-0.05032755561621405
2019-03-12,2791.5,2787.3,2798.3,2786.7,,0.29,0.0029461430675816747,0.9182930181418463,0.09564601414614511,-0.04752968472771946
2019-03-13,2810.9,2799.8,2821.2,2799.8,,0.69,0.00694966863693347,0.9316245189664751,0.0974486634304843,-0.040910331650061416
2019-03-14,2808.5,2810.4,2815.0,2803.5,,-0.09,-0.0008538190615106078,0.9299752611325003,0.08895294029192506,-0.04172922069059648
2019-03-15,2822.5,2810.8,2830.7,2810.8,,0.5,0.004984867366921941,0.9395959318306863,0.08974049749113566,-0.03695236795414225
2019-03-18,2832.9,2822.6,2835.4,2822.0,,0.37,0.003684676705048684,0.94674271577791,0.0889923390518067,-0.033403848778490564
2019-03-19,2832.6,2840.8,2852.4,2823.3,,-0.01,-0.00010589854918996444,0.9465365585486629,0.08228010383902226,-0.03350620990855746
2019-03-20,2824.2,2831.3,2843.5,2812.4,,-0.3,-0.0029654734166491004,0.9407641561297513,0.0833707260587456,-0.03637232155043002
2019-03-21,2854.9,2819.7,2860.3,2817.4,,1.09,0.010870334962113315,0.9618609125893449,0.09041223315477621,-0.0258973659069196
2019-03-22,2800.7,2844.5,2846.2,2800.5,,-1.9,-0.018984903148972054,0.9246151731720822,0.11350995287252719,-0.04439061007233536
2019-03-25,2798.4,2796.0,2809.8,2785.0,,-0.08,-0.0008212232656120699,0.9230346344145233,0.11148074457135373,-0.04517537873618127
2019-03-26,2818.5,2812.7,2829.9,2804.0,,0.72,0.007182675814751294,0.9368471687740616,0.11410452125268228,-0.03831718302170062
2019-03-27,2805.4,2819.7,2825.6,2787.7,,-0.46,-0.004647862338123088,0.9278449697636164,0.11538918980289002,-0.042786952367954156
2019-03-28,2815.4,2809.4,2819.7,2798.8,,0.36,0.003564554074285242,0.9347168774051777,0.1159233052933448,-0.039374914699058294
2019-03-29,2834.4,2828.3,2836.0,2819.2,,0.67,0.006748597002202095,0.947773501924144,0.11728485362852345,-0.03289204312815619
2019-04-01,2867.2,2848.6,2869.4,2848.6,,1.16,0.011572114027660119,0.9703133589884652,0.1213592240729229,-0.021700559574177825
2019-04-02,2867.2,2868.2,2872.9,2858.8,,0.0,0.0,0.9703133589884652,0.12008864222534821,-0.021700559574177825
2019-04-03,2873.4,2876.1,2885.2,2865.2,,0.22,0.0021623883928572063,0.9745739417262334,0.11980271784020148,-0.01958509621946225
2019-04-04,2879.4,2874.0,2881.3,2867.1,,0.21,0.0020881186051366907,0.9786970863111699,0.11622238065767566,-0.017537873618124755
2019-04-05,2892.7,2884.2,2893.2,2883.0,,0.46,0.004619017850941098,0.9878367234744463,0.11070472918530425,-0.01299986351849336
2019-04-08,2895.8,2888.5,2895.9,2880.8,,0.11,0.0010716631520726327,0.9899670148433306,0.10959502502991782,-0.011942131841135573
2019-04-09,2878.2,2886.6,2886.9,2873.3,,-0.61,-0.00607776780164393,0.9778724573941824,0.10427815075172761,-0.017947318138392343
2019-04-10,2888.2,2881.4,2889.7,2879.1,,0.35,0.003474393718296165,0.9847443650357437,0.10437890199059786,-0.014535280469496481
2019-04-11,2888.3,2891.9,2893.4,2882.0,,0.0,3.462364102224669e-05,0.9848130841121596,0.10268467636828717,-0.014501160092807441
2019-04-12,2907.4,2900.9,2910.5,2898.4,,0.66,0.006612886473011725,0.9979384277075416,0.10394806724801695,-0.007984168145216408
2019-04-15,2905.6,2908.3,2909.6,2896.5,,-0.06,-0.0006191098576048271,0.9967014843320603,0.10350803924069782,-0.008598334925617679
2019-04-16,2907.1,2912.3,2916.1,2900.7,,0.05,0.0005162444933921595,0.9977322704782947,0.10320952227126463,-0.008086529275283305
2019-04-17,2900.4,2916.0,2918.0,2895.4,,-0.23,-0.002304702280623294,0.9931280923584487,0.10385312804207654,-0.010372594513443412
2019-04-18,2905.0,2904.8,2908.4,2891.9,,0.16,0.0015859881395670072,0.996289169873567,0.10277315745281737,-0.008803057185751362
2019-04-22,2908.0,2898.8,2909.5,2896.3,,0.1,0.00103270223752161,0.9983507421660356,0.09678335566819865,-0.007779445885082614
2019-04-23,2933.7,2910.0,2936.3,2908.5,,0.88,0.008837689133424975,1.0160115448048481,0.06868246077559396,0.0
2019-04-24,2927.2,2934.0,2936.8,2926.1,,-0.22,-0.0022156321368920207,1.011544804837833,0.06962399391543907,-0.0022156321368920207
2019-04-25,2926.2,2929.0,2933.1,2912.8,,-0.03,-0.00034162339437004974,1.010857614073677,0.06762709411026052,-0.002556498619490699
2019-04-26,2939.9,2925.8,2939.9,2917.6,,0.47,0.00468183992891813,1.0202721275426163,0.06405432399074833,0.0
2019-04-29,2943.0,2940.6,2949.5,2939.3,,0.11,0.001054457634613426,1.0224024189115002,0.06399055807452474,0.0
2019-04-30,2945.8,2937.1,2948.2,2924.1,,0.1,0.0009514101257221963,1.0243265530511376,0.061822237405565215,0.0
2019-05-01,2923.7,2952.3,2954.1,2923.4,,-0.75,-0.007502206531332822,1.0091396371632868,0.059263780402287164,-0.007502206531332822
2019-05-02,2917.5,2922.2,2931.7,2900.5,,-0.21,-0.00212060060881758,1.0048790544255186,0.060134801078516265,-0.009606897956412563
2019-05-03,2945.6,2929.2,2947.8,2929.2,,0.96,0.009631533847472173,1.0241891148983062,0.06734564162119382,-6.789327177680882e-05
2019-05-06,2932.5,2908.9,2937.3,2898.2,,-0.44,-0.004447311243889196,1.015186915887861,0.07000162843654247,-0.004514902573155011
2019-05-07,2884.1,2913.0,2913.0,2862.6,,-1.65,-0.01650468883205458,0.9819268829027041,0.0909082028394191,-0.02094507434313264
2019-05-08,2879.4,2879.6,2898.0,2873.3,,-0.16,-0.0016296244929093762,0.9786970863111704,0.09094135349234611,-0.02254056622988665
2019-05-09,2870.7,2859.8,2876.0,2836.4,,-0.3,-0.0030214628047511294,0.9727185266630116,0.08907265859459665,-0.025493923552176057
2019-05-10,2881.4,2863.1,2891.3,2825.4,,0.37,0.003727313895565576,0.9800714678394824,0.08920508103193635,-0.021861633512119005
2019-05-13,2811.9,2840.2,2840.2,2801.4,,-2.41,-0.024120219337821935,0.932311709730631,0.12197872484485042,-0.045454545454545525
2019-05-14,2834.4,2820.1,2852.5,2820.1,,0.8,0.008001707030833138,0.9477735019241438,0.12319517524201855,-0.037816552379659196
2019-05-15,2851.0,2820.4,2858.7,2815.1,,0.59,0.005856618684730419,0.9591808686091354,0.12558665137021768,-0.03218141082218762
2019-05-16,2876.3,2855.8,2892.2,2855.8,,0.89,0.0088740792704316,0.976566794942286,0.13001085545284877,-0.02359291194242652
2019-05-17,2859.5,2858.6,2885.5,2854.2,,-0.58,-0.005840837186663506,0.9650219901044628,0.13120948528559812,-0.02929594677167502
2019-05-20,2840.2,2841.9,2853.9,2831.3,,-0.67,-0.006749431718832022,0.9517592083562494,0.13259493326646163,-0.03584764749813307
2019-05-21,2864.4,2854.0,2868.9,2854.0,,0.85,0.008520526723470256,0.968389224848828,0.13654804942018575,-0.027632561613144202
2019-05-22,2856.3,2856.1,2865.5,2851.1,,-0.28,-0.002827817343946326,0.9628229796591634,0.13220962747270887,-0.030382239120103183
2019-05-23,2822.2,2836.7,2836.7,2805.5,,-1.19,-0.011938521863949947,0.939389774601439,0.13730643567956424,-0.04195804195804209
2019-05-24,2826.1,2832.4,2841.4,2820.2,,0.14,0.0013819006448869686,0.9420698185816478,0.13765098831738817,-0.0406341231583951
2019-05-28,2802.4,2830.0,2840.5,2801.6,,-0.84,-0.008386115141006956,0.9257833974711476,0.13755637608215762,-0.048679475863941946
2019-05-29,2783.0,2790.2,2792.0,2766.1,,-0.69,-0.006922637739080861,0.9124518966465185,0.13792255898357708,-0.05526512322628829
2019-05-30,2788.9,2786.9,2799.0,2776.7,,0.21,0.002120014372978929,0.91650632215504,0.1383627796504064,-0.053262271708873654
2019-05-31,2752.1,2766.2,2769.0,2750.5,,-1.32,-0.013195166553121362,0.8912177020340941,0.14227177101028585,-0.06575463371579882
2019-06-03,2744.4,2751.5,2763.1,2728.8,,-0.28,-0.00279786344972921,0.885926333150092,0.14224810393650086,-0.06836852467920429
2019-06-04,2803.3,2762.6,2804.5,2762.6,,2.15,0.02146188602244581,0.9264018691588884,0.16012807290057793,-0.04837395614094642
2019-06-05,2826.2,2818.1,2827.3,2800.9,,0.82,0.008168943744871981,0.9421385376580635,0.16392201962874428,-0.04060017652250669
2019-06-06,2843.5,2828.5,2852.1,2822.4,,0.61,0.006121293609794076,0.9540269378779647,0.15676634102382433,-0.034727408513816393
2019-06-07,2873.3,2852.9,2885.0,2852.9,,1.05,0.01048004220151233,0.9745052226498176,0.16133772777166858,-0.024611311019077986
2019-06-10,2886.7,2885.8,2904.8,2885.5,,0.47,0.004663627188250308,0.9837135788895095,0.1617512077067773,-0.020062461810034793
2019-06-11,2885.7,2903.3,2910.6,2878.5,,-0.03,-0.0003464163231371442,0.9830263881253534,0.16128303898950225,-0.020401928168918615
2019-06-12,2879.8,2882.7,2888.6,2874.7,,-0.2,-0.002044564577052266,0.9789719626168323,0.13555475940101452,-0.022404779686333032
2019-06-13,2891.6,2886.2,2895.2,2882.0,,0.41,0.004097506771303383,0.9870808136338742,0.1337385859155011,-0.018399076651503976
2019-06-14,2887.0,2886.8,2894.4,2879.6,,-0.16,-0.001590814773827609,0.9839197361187562,0.1328058951176613,-0.01996062190236958
2019-06-17,2889.7,2889.8,2897.3,2887.3,,0.09,0.0009352268791131824,0.9857751511819774,0.12940090584543912,-0.019044062733383216
2019-06-18,2917.8,2906.7,2930.8,2905.4,,0.97,0.009724192822784472,1.005085211654765,0.13138355552575015,-0.00950505804874735
2019-06-19,2926.5,2920.6,2931.7,2911.4,,0.3,0.0029816985399957474,1.011063771302923,0.12844873384450364,-0.006551700726458054
2019-06-20,2954.2,2949.6,2958.1,2931.5,,0.95,0.009465231505210836,1.0300989554700473,0.12914307506640302,0.0
2019-06-21,2950.5,2952.7,2964.2,2946.9,,-0.13,-0.0012524541330986017,1.0275563496426696,0.12859162784401482,-0.0012524541330986017
2019-06-24,2945.3,2951.4,2954.9,2944.1,,-0.18,-0.0017624131503134466,1.023982957669058,0.11963456942978916,-0.0030126599417776845
2019-06-25,2917.4,2945.8,2946.5,2916.0,,-0.95,-0.009472719247614836,1.0048103353491018,0.12614416352366598,-0.012456841107575611
2019-06-26,2913.8,2926.1,2932.6,2913.0,,-0.12,-0.001233975457599179,1.0023364485981396,0.12139288849404983,-0.013675445128968788
2019-06-27,2924.9,2919.7,2929.3,2918.6,,0.38,0.003809458439151703,1.009964266080273,0.11720132837962519,-0.009918082729672872
2019-06-28,2941.8,2932.9,2944.0,2929.1,,0.58,0.005777975315395478,1.0215777899945118,0.11777608216997627,-0.004197413851465548
2019-07-01,2964.3,2971.4,2977.9,2952.2,,0.76,0.0076483785437486684,1.0370395821880245,0.10393920803800125,0.0
2019-07-02,2973.0,2964.7,2973.2,2955.9,,0.29,0.0029349256148163416,1.0430181418361828,0.10138407063065813,0.0
2019-07-03,2995.8,2978.1,2995.8,2978.0,,0.77,0.007669021190716441,1.0586860912589424,0.08022107514018682,0.0
2019-07-05,2990.4,2984.2,2994.0,2968.0,,-0.18,-0.0018025235329461875,1.054975261132499,0.07984288533445522,-0.0018025235329461875
2019-07-08,2975.9,2979.8,2980.8,2970.1,,-0.48,-0.004848849652220433,1.0450109950522348,0.0829129564130033,-0.006642633019560695
2019-07-09,2979.6,2965.5,2981.9,2963.4,,0.12,0.0012433213481635175,1.0475536008796125,0.07724624679331113,-0.0054075705988384515
2019-07-10,2993.1,2989.3,3003.0,2984.6,,0.45,0.004530809504631472,1.05683067619572,0.0771843107906551,-0.0009012617664732048
2019-07-11,2999.9,2999.6,3002.3,2988.8,,0.23,0.0022718920183089075,1.061503573391982,0.07682617763400738,0.0
2019-07-12,3013.8,3003.4,3013.9,3001.9,,0.46,0.00463348778292616,1.0710555250137523,0.07602736442938673,0.0
2019-07-15,3014.3,3017.8,3017.8,3008.8,,0.02,0.0001659035105183726,1.0713991203958306,0.07599719218187169,0.0
2019-07-16,3004.0,3012.1,3015.0,3001.2,,-0.34,-0.003417045416846398,1.0643210555250224,0.07733349946222534,-0.003417045416846398
2019-07-17,2984.4,3005.1,3005.3,2984.2,,-0.65,-0.006524633821571202,1.0508521165475622,0.08264707878581222,-0.009919384268321063
2019-07-18,2995.1,2978.9,2998.3,2973.1,,0.36,0.0035853102801233216,1.0582050577240327,0.07757681727146223,-0.006369638058587479
2019-07-19,2976.6,3004.3,3006.0,2975.9,,-0.62,-0.006176755367099607,1.045492028587144,0.08140457745706423,-0.012507049729622244
2019-07-22,2985.0,2981.9,2990.7,2976.7,,0.28,0.0028220116911912285,1.0512644310060555,0.07555922826955938,-0.009720333078990229
2019-07-23,3005.5,2994.7,3005.9,2988.6,,0.69,0.006867671691792365,1.0653518416712564,0.07836357052030517,-0.002919417443519312
2019-07-24,3019.6,2998.8,3019.6,2996.8,,0.47,0.004691399101646843,1.0750412314458577,0.07879752166352659,0.0
2019-07-25,3003.7,3016.3,3016.3,2997.2,,-0.53,-0.005265598092462631,1.064114898295775,0.07273278405451425,-0.005265598092462631
2019-07-26,3025.9,3013.2,3028.0,3012.6,,0.74,0.007390884575690038,1.0793705332600414,0.07490270698469267,0.0
2019-07-29,3021.0,3024.5,3025.6,3014.3,,-0.16,-0.0016193529197925383,1.0760032985156762,0.07543554978153358,-0.0016193529197925383
2019-07-30,3013.2,3007.7,3017.2,3000.9,,-0.26,-0.0025819265143992576,1.0706432105552581,0.07509164635160345,-0.0041970983839519915
2019-07-31,2980.4,3016.2,3017.4,2958.1,,-1.09,-0.010885437408734822,1.0481033534909372,0.08201963997425751,-0.015036848540930015
2019-08-01,2953.6,2980.3,3013.6,2945.2,,-0.9,-0.008992081599785373,1.0296866410115526,0.0873699005057531,-0.023893717571631612
2019-08-02,2932.1,2943.9,2945.5,2914.1,,-0.73,-0.00727925243770311,1.014912039582196,0.08552215709653901,-0.030999041607455702
2019-08-05,2844.7,2898.1,2898.1,2822.1,,-2.98,-0.02980798744926849,0.95485156679495,0.13147498471517213,-0.05988301001354979
2019-08-06,2881.8,2861.2,2884.4,2847.4,,1.3,0.013041797026048574,0.9803463441451428,0.1414096216113215,-0.04762219504940679
2019-08-07,2884.0,2858.7,2892.2,2825.7,,0.08,0.0007634117565409326,0.981858163826286,0.14130244103092324,-0.04689513863643879
2019-08-08,2938.1,2896.2,2938.7,2894.5,,1.88,0.018758668515949983,1.0190351841671328,0.15672503507939345,-0.029016160481179165
2019-08-09,2918.7,2930.5,2935.8,2900.2,,-0.66,-0.006602906640345796,1.005703683342504,0.15752079088957102,-0.0354274761228065
2019-08-12,2883.8,2907.1,2907.6,2873.1,,-1.2,-0.011957378284852771,0.981720725673455,0.16016373867833422,-0.04696123467398128
2019-08-13,2926.3,2880.7,2943.3,2877.1,,1.47,0.014737499133088194,1.0109263331500906,0.17033385500324508,-0.03291582669618953
2019-08-14,2840.6,2894.2,2894.2,2839.6,,-2.93,-0.029286129241704595,0.95203408466191,0.19592980324089368,-0.06123797878317205
2019-08-15,2847.6,2846.2,2856.7,2825.5,,0.25,0.002464268112370549,0.9568444200110027,0.19612769044086276,-0.05892461746918276
2019-08-16,2888.7,2864.7,2893.6,2864.7,,1.44,0.014433206911083074,0.9850879604178198,0.20358881477682825,-0.04534188175418896
2019-08-19,2923.7,2913.5,2931.0,2913.5,,1.21,0.012116176826946434,1.0091396371632846,0.20826325994515932,-0.03377507518424283
2019-08-20,2900.5,2919.0,2923.6,2899.6,,-0.79,-0.007935150665252855,0.9931968114348624,0.20925627316425113,-0.041442215539178484
2019-08-21,2924.4,2922.0,2928.7,2917.9,,0.82,0.008239958627822785,1.0096206706981938,0.2099825183842387,-0.0335437390528438
2019-08-22,2922.9,2930.9,2939.1,2904.5,,-0.05,-0.0005129257283544852,1.0085898845519599,0.20890830336591595,-0.03403945933441288
2019-08-23,2847.1,2911.1,2927.0,2835.0,,-2.59,-0.02593314858530915,0.9565008246289248,0.22527207709407768,-0.059089857563039194
2019-08-26,2878.4,2866.7,2879.3,2856.0,,1.1,0.010993642653928548,0.9780098955470118,0.22758889833968476,-0.04874582768763014
2019-08-27,2869.2,2893.1,2898.8,2860.6,,-0.32,-0.003196220122290261,0.9716877405167752,0.227596921637689,-0.05178624541458754
2019-08-28,2887.9,2861.3,2890.0,2853.1,,0.65,0.0065174961661789155,0.9845382078064953,0.2296552980131419,-0.04560626590435901
2019-08-29,2924.6,2910.4,2930.5,2905.7,,1.27,0.01270819626718378,1.0097581088510252,0.2325748362876798,-0.03347764301530132
2019-08-30,2926.5,2937.1,2940.4,2913.3,,0.06,0.0006496614921698285,1.011063771302922,0.23068451191657285,-0.03284973065864705
2019-09-03,2906.3,2909.0,2914.4,2891.8,,-0.69,-0.0069024431915256645,0.9971825178669682,0.23054529192984619,-0.03952543045044443
2019-09-04,2937.8,2924.7,2938.8,2921.9,,1.08,0.010838523208202888,1.0188290269378864,0.20681395770102973,-0.029115304537492892
2019-09-05,2976.0,2960.6,2985.9,2960.6,,1.3,0.013002927360609817,1.0450797141286503,0.2067869422706001,-0.01649096136686612
2019-09-06,2978.7,2980.3,2985.0,2972.5,,0.09,0.00090725806451597,1.0469351291918714,0.20678008583732815,-0.015598664860041689
2019-09-09,2978.4,2988.4,2989.4,2969.4,,-0.01,-0.00010071507704689786,1.046728971962625,0.1971835094597254,-0.015697808916355416
2019-09-10,2979.4,2971.0,2979.4,2957.0,,0.03,0.0003357507386516634,1.047416162726781,0.19539222276322316,-0.01536732872864277
2019-09-11,3000.9,2981.4,3000.9,2975.3,,0.72,0.007216218030476007,1.0621907641561381,0.19053394990966308,-0.00826200469281868
2019-09-12,3009.6,3009.1,3020.7,3000.9,,0.29,0.0028991302609215897,1.068169323804296,0.18486476809589988,-0.005386827059717825
2019-09-13,3007.4,3012.2,3017.3,3002.9,,-0.07,-0.0007309941520466934,1.0666575041231527,0.14790676080137907,-0.0061138834726858216
2019-09-16,2998.0,2996.4,3002.2,2990.7,,-0.31,-0.0031256234621267476,1.0601979109400852,0.14930965062983795,-0.009220397237185707
2019-09-17,3005.7,2995.7,3006.2,2993.7,,0.26,0.0025683789192794126,1.0654892798240874,0.1428761084703418,-0.006675699791797607
2019-09-18,3006.7,3001.5,3007.8,2978.6,,0.03,0.0003327012010514441,1.066176470588244,0.13804142529770094,-0.006345219604084851
2019-09-19,3006.8,3010.4,3022.0,3003.2,,0.0,3.325905477780111e-05,1.0662451896646599,0.13397330290830034,-0.006312171585313386
2019-09-20,2992.1,3008.4,3016.4,2984.7,,-0.49,-0.00488891845150996,1.0561434854315648,0.1336784412679379,-0.01117023034469089
2019-09-23,2991.8,2983.5,2999.2,2982.2,,-0.01,-0.00010026402860863204,1.055937328202318,0.13362238803691398,-0.011269374401004617
2019-09-24,2966.6,3002.4,3008.0,2957.7,,-0.84,-0.008423022929340274,1.0386201209455832,0.09790938529653644,-0.019597475131365893
2019-09-25,2984.9,2968.3,2989.8,2952.9,,0.62,0.006168677947819168,1.0511957119296405,0.0936450183658129,-0.013549687696222557
2019-09-26,2977.6,2985.7,2987.3,2963.7,,-0.24,-0.0024456430701196297,1.0461792193513006,0.09318063327205844,-0.015962193066525687
2019-09-27,2961.8,2985.5,2987.3,2945.5,,-0.53,-0.005306286942503902,1.035321605277634,0.09460345831668704,-0.02118378003238708
2019-09-30,2976.7,2967.1,2983.8,2967.1,,0.5,0.005030724559389466,1.04556074766356,0.08622438225062584,-0.0162596252354672
2019-10-01,2940.2,2983.7,2992.5,2938.7,,-1.23,-0.012261900762589484,1.020478284771861,0.09747832200338011,-0.02832215208698252
2019-10-02,2887.6,2924.8,2924.8,2874.9,,-1.79,-0.017889939459900694,0.9843320505772484,0.11370338991858062,-0.04570540996067296
2019-10-03,2910.6,2885.4,2911.1,2855.9,,0.8,0.007965092118021877,1.0001374381528394,0.11055422506215007,-0.03810436564327979
2019-10-04,2952.0,2918.6,2953.7,2918.6,,1.42,0.014223871366728646,1.0285871357889036,0.112486038907179,-0.024422485871972044
2019-10-07,2938.8,2944.2,2959.8,2935.7,,-0.45,-0.004471544715447084,1.019516217702043,0.11326211855955834,-0.028784824349780247
2019-10-08,2893.1,2920.4,2925.5,2892.7,,-1.56,-0.015550564856404048,0.9881115997801075,0.12446450465236283,-0.04388776892825286
2019-10-09,2919.4,2911.1,2929.3,2907.4,,0.91,0.009090594863641055,1.0061847168774136,0.12955245707714794,-0.03519613999140747
2019-10-10,2938.1,2918.6,2948.5,2917.1,,0.64,0.006405425772418871,1.0190351841671332,0.12893855951007507,-0.029016160481179165
2019-10-11,2970.3,2963.1,2993.3,2963.1,,1.1,0.010959463598924524,1.0411627267729608,0.13487665684669448,-0.018374698436828707
2019-10-14,2966.2,2965.8,2972.8,2962.9,,-0.14,-0.001380331953001468,1.0383452446399204,0.134903886930936,-0.019729667206451085
2019-10-15,2995.7,2973.6,3003.3,2973.6,,0.99,0.009945384667251034,1.0586173721825265,0.13937240442947138,-0.009980501668925057
2019-10-16,2989.7,2989.7,2997.5,2985.2,,-0.2,-0.0020028707814534474,1.0544942275975897,0.13921058011557752,-0.011963382795201483
2019-10-17,2997.9,3000.8,3008.3,2991.8,,0.27,0.0027427501087067263,1.0601291918636702,0.1395804322701106,-0.009253445255956949
2019-10-18,2986.2,2996.8,3000.0,2976.3,,-0.39,-0.003902731912338697,1.0520890599230435,0.14019671573662576,-0.013120063452196185
2019-10-21,3006.7,2996.5,3007.3,2995.3,,0.69,0.0068649119282031545,1.0661764705882444,0.14124728132126754,-0.006345219604084851
2019-10-22,2996.0,3010.7,3014.6,2995.0,,-0.36,-0.003558718861209953,1.0588235294117738,0.14186811126031504,-0.009881357612611108
2019-10-23,3004.5,2994.0,3004.8,2991.2,,0.28,0.0028371161548732537,1.0646646509071012,0.1386657807374739,-0.007072276017052848
2019-10-24,3010.3,3014.8,3016.1,3000.4,,0.19,0.0019304376768181086,1.0686503573392065,0.1373076375114015,-0.0051554909283187955
2019-10-25,3022.6,3003.3,3027.4,3001.9,,0.41,0.004085971497857166,1.0771028037383266,0.137442641082313,-0.0010905846194521063
2019-10-28,3039.4,3032.1,3044.1,3032.1,,0.56,0.005558128763316406,1.0886476085761498,0.13656026689514272,0.0
2019-10-29,3036.9,3035.4,3047.9,3034.8,,-0.08,-0.0008225307626504863,1.0869296316657597,0.1360322640774893,-0.0008225307626504863
2019-10-30,3046.8,3039.7,3050.1,3026.0,,0.33,0.0032599031907538656,1.0937328202309056,0.12732960900671292,0.0
2019-10-31,3037.6,3046.9,3046.9,3023.2,,-0.3,-0.0030195615071550996,1.087410665200669,0.10730719906600972,-0.0030195615071550996
2019-11-01,3066.9,3050.7,3066.9,3050.7,,0.96,0.009645772978667422,1.1075453545904437,0.10854905470024996,0.0
2019-11-04,3078.3,3079.0,3085.2,3074.9,,0.37,0.0037171084808764743,1.1153793293018235,0.10003881991781763,0.0
2019-11-05,3074.6,3080.8,3083.9,3072.2,,-0.12,-0.0012019621219505616,1.1128367234744454,0.09798736417739247,-0.0012019621219505616
2019-11-06,3076.8,3075.1,3078.3,3065.9,,0.07,0.0007155402328760108,1.1143485431555895,0.07424376556666444,-0.00048728194133129676
2019-11-07,3085.2,3087.0,3097.8,3080.2,,0.27,0.002730109204368114,1.120120945574501,0.0708008006259033,0.0
2019-11-08,3093.1,3081.2,3093.1,3073.6,,0.26,0.0025606119538441607,1.1255497526113345,0.06946678919289323,0.0
2019-11-11,3087.0,3080.3,3088.3,3075.8,,-0.2,-0.0019721315185412536,1.1213578889499822,0.06373888628088456,-0.0019721315185412536
2019-11-12,3091.8,3089.3,3102.6,3084.7,,0.16,0.001554907677356665,1.1246564046179315,0.06266980388872333,-0.0004202903236234512
2019-11-13,3094.0,3084.2,3098.1,3078.8,,0.07,0.0007115596092890364,1.1261682242990747,0.05566110793066483,0.0
2019-11-14,3096.6,3090.8,3098.2,3083.3,,0.08,0.0008403361344537785,1.1279549202858807,0.054230992429586955,0.0
